{"data":[{"hoverinfo":"text","marker":{"color":[5.259629414314232,7.2247537402597635,5.999956572723137,5.999956572723137,5.999956572723137,8.0268721464003,6.18701983396052,5.562075120368568,4.999995657076895,4.999995657076895,4.999995657076895,4.999995657076895,5.999956572723137,8.481486060122112,8.09151498112135,4.999995657076895,4.999995657076895,5.999956572723137,5.259629414314232,5.999956572723137,5.999956572723137,4.999995657076895,4.999995657076895,6.249414472658991,5.999956572723137,4.999995657076895,5.896504155890234,6.531504975492931,4.999995657076895,4.999995657076895,6.481354475669688,5.999956572723137,4.999995657076895,4.999995657076895,5.8664291593859605,4.999995657076895,6.644740094472621,6.601886308269497,4.999995657076895,5.296700022075754,6.999565922520682,4.999995657076895,4.999995657076895,4.999995657076895,6.697669071315601,6.16742722515382,4.999995657076895,7.258848401148215],"colorbar":{"title":{"text":"Colorbar"}},"colorscale":[[0.0,"#440154"],[0.1111111111111111,"#482878"],[0.2222222222222222,"#3e4989"],[0.3333333333333333,"#31688e"],[0.4444444444444444,"#26828e"],[0.5555555555555556,"#1f9e89"],[0.6666666666666666,"#35b779"],[0.7777777777777778,"#6ece58"],[0.8888888888888888,"#b5de2b"],[1.0,"#fde725"]],"opacity":0.8,"size":5},"mode":"markers","text":["O15357","O60674","P00519","P00533","P04626","P04629","P06213","P06239","P06241","P06493","P07333","P07949","P08069","P08581","P08922","P09619","P09769","P11362","P12931","P16234","P17948","P22607","P23443","P23458","P29317","P29323","P29597","P30530","P31751","P35968","P36639","P36888","P50613","P51813","P52333","P54760","Q02763","Q04912","Q06187","Q06418","Q12866","Q15046","Q15139","Q16513","Q16620","Q8IVH8","Q9NWT8","Q9UM73"],"x":[5.186258,5.624441,5.22236,5.416897,5.1728,6.9160056,4.1285043,10.207304,8.683999,8.275771,6.128046,6.0815067,4.006477,4.0134087,3.3033779,5.8110557,10.099055,6.2671638,8.433479,5.812024,3.901477,7.1601944,9.012396,5.427243,6.3721824,5.913778,5.280201,7.1141706,9.625711,3.9854615,9.95695,5.555477,9.989679,7.6756444,5.917094,6.4583716,5.5558805,5.120218,7.7903376,6.829084,5.6673174,8.820973,5.838064,5.8707438,6.580644,6.0143523,9.171278,4.09228],"y":[7.045298,5.628485,7.204739,5.5928226,6.5628033,5.2527556,6.782469,4.175888,3.0601213,5.828019,5.941453,5.579675,6.7640877,6.7652307,7.421623,6.3056927,4.075401,6.082288,4.355944,5.751739,7.137667,5.9425135,3.4887035,5.6721673,5.080848,4.941286,6.571926,5.9977913,4.7853794,6.8502398,2.8772292,6.234281,4.6799707,6.4088783,6.8325872,5.124808,5.421168,7.007777,6.497714,6.4667797,6.1791196,3.1017473,6.3051066,6.05414,5.4925694,6.1585655,5.324993,7.9018335],"z":[3.2378604,4.8096867,3.3962083,4.584672,2.8655105,3.4917233,2.808807,6.310789,4.6943693,7.527818,4.0854306,4.1214366,2.8005495,2.821669,2.1196103,4.559412,6.19469,5.396373,5.4982634,5.192897,2.801278,3.6241539,4.4508467,4.4355774,3.8728795,4.6284957,2.8647947,3.5366726,6.3264737,2.7509263,4.358274,4.597783,6.0879736,6.6191783,2.960053,3.7495928,4.3729115,2.5899525,6.6163964,3.2333305,4.4851413,4.1405134,4.4434686,4.5803003,5.925687,4.7744074,3.9379275,2.1529512],"type":"scatter3d"}],"layout":{"template":{"data":{"histogram2dcontour":[{"type":"histogram2dcontour","colorbar":{"outlinewidth":0,"ticks":""},"colorscale":[[0.0,"#0d0887"],[0.1111111111111111,"#46039f"],[0.2222222222222222,"#7201a8"],[0.3333333333333333,"#9c179e"],[0.4444444444444444,"#bd3786"],[0.5555555555555556,"#d8576b"],[0.6666666666666666,"#ed7953"],[0.7777777777777778,"#fb9f3a"],[0.8888888888888888,"#fdca26"],[1.0,"#f0f921"]]}],"choropleth":[{"type":"choropleth","colorbar":{"outlinewidth":0,"ticks":""}}],"histogram2d":[{"type":"histogram2d","colorbar":{"outlinewidth":0,"ticks":""},"colorscale":[[0.0,"#0d0887"],[0.1111111111111111,"#46039f"],[0.2222222222222222,"#7201a8"],[0.3333333333333333,"#9c179e"],[0.4444444444444444,"#bd3786"],[0.5555555555555556,"#d8576b"],[0.6666666666666666,"#ed7953"],[0.7777777777777778,"#fb9f3a"],[0.8888888888888888,"#fdca26"],[1.0,"#f0f921"]]}],"heatmap":[{"type":"heatmap","colorbar":{"outlinewidth":0,"ticks":""},"colorscale":[[0.0,"#0d0887"],[0.1111111111111111,"#46039f"],[0.2222222222222222,"#7201a8"],[0.3333333333333333,"#9c179e"],[0.4444444444444444,"#bd3786"],[0.5555555555555556,"#d8576b"],[0.6666666666666666,"#ed7953"],[0.7777777777777778,"#fb9f3a"],[0.8888888888888888,"#fdca26"],[1.0,"#f0f921"]]}],"heatmapgl":[{"type":"heatmapgl","colorbar":{"outlinewidth":0,"ticks":""},"colorscale":[[0.0,"#0d0887"],[0.1111111111111111,"#46039f"],[0.2222222222222222,"#7201a8"],[0.3333333333333333,"#9c179e"],[0.4444444444444444,"#bd3786"],[0.5555555555555556,"#d8576b"],[0.6666666666666666,"#ed7953"],[0.7777777777777778,"#fb9f3a"],[0.8888888888888888,"#fdca26"],[1.0,"#f0f921"]]}],"contourcarpet":[{"type":"contourcarpet","colorbar":{"outlinewidth":0,"ticks":""}}],"contour":[{"type":"contour","colorbar":{"outlinewidth":0,"ticks":""},"colorscale":[[0.0,"#0d0887"],[0.1111111111111111,"#46039f"],[0.2222222222222222,"#7201a8"],[0.3333333333333333,"#9c179e"],[0.4444444444444444,"#bd3786"],[0.5555555555555556,"#d8576b"],[0.6666666666666666,"#ed7953"],[0.7777777777777778,"#fb9f3a"],[0.8888888888888888,"#fdca26"],[1.0,"#f0f921"]]}],"surface":[{"type":"surface","colorbar":{"outlinewidth":0,"ticks":""},"colorscale":[[0.0,"#0d0887"],[0.1111111111111111,"#46039f"],[0.2222222222222222,"#7201a8"],[0.3333333333333333,"#9c179e"],[0.4444444444444444,"#bd3786"],[0.5555555555555556,"#d8576b"],[0.6666666666666666,"#ed7953"],[0.7777777777777778,"#fb9f3a"],[0.8888888888888888,"#fdca26"],[1.0,"#f0f921"]]}],"mesh3d":[{"type":"mesh3d","colorbar":{"outlinewidth":0,"ticks":""}}],"scatter":[{"fillpattern":{"fillmode":"overlay","size":10,"solidity":0.2},"type":"scatter"}],"parcoords":[{"type":"parcoords","line":{"colorbar":{"outlinewidth":0,"ticks":""}}}],"scatterpolargl":[{"type":"scatterpolargl","marker":{"colorbar":{"outlinewidth":0,"ticks":""}}}],"bar":[{"error_x":{"color":"#2a3f5f"},"error_y":{"color":"#2a3f5f"},"marker":{"line":{"color":"#E5ECF6","width":0.5},"pattern":{"fillmode":"overlay","size":10,"solidity":0.2}},"type":"bar"}],"scattergeo":[{"type":"scattergeo","marker":{"colorbar":{"outlinewidth":0,"ticks":""}}}],"scatterpolar":[{"type":"scatterpolar","marker":{"colorbar":{"outlinewidth":0,"ticks":""}}}],"histogram":[{"marker":{"pattern":{"fillmode":"overlay","size":10,"solidity":0.2}},"type":"histogram"}],"scattergl":[{"type":"scattergl","marker":{"colorbar":{"outlinewidth":0,"ticks":""}}}],"scatter3d":[{"type":"scatter3d","line":{"colorbar":{"outlinewidth":0,"ticks":""}},"marker":{"colorbar":{"outlinewidth":0,"ticks":""}}}],"scattermapbox":[{"type":"scattermapbox","marker":{"colorbar":{"outlinewidth":0,"ticks":""}}}],"scatterternary":[{"type":"scatterternary","marker":{"colorbar":{"outlinewidth":0,"ticks":""}}}],"scattercarpet":[{"type":"scattercarpet","marker":{"colorbar":{"outlinewidth":0,"ticks":""}}}],"carpet":[{"aaxis":{"endlinecolor":"#2a3f5f","gridcolor":"white","linecolor":"white","minorgridcolor":"white","startlinecolor":"#2a3f5f"},"baxis":{"endlinecolor":"#2a3f5f","gridcolor":"white","linecolor":"white","minorgridcolor":"white","startlinecolor":"#2a3f5f"},"type":"carpet"}],"table":[{"cells":{"fill":{"color":"#EBF0F8"},"line":{"color":"white"}},"header":{"fill":{"color":"#C8D4E3"},"line":{"color":"white"}},"type":"table"}],"barpolar":[{"marker":{"line":{"color":"#E5ECF6","width":0.5},"pattern":{"fillmode":"overlay","size":10,"solidity":0.2}},"type":"barpolar"}],"pie":[{"automargin":true,"type":"pie"}]},"layout":{"autotypenumbers":"strict","colorway":["#636efa","#EF553B","#00cc96","#ab63fa","#FFA15A","#19d3f3","#FF6692","#B6E880","#FF97FF","#FECB52"],"font":{"color":"#2a3f5f"},"hovermode":"closest","hoverlabel":{"align":"left"},"paper_bgcolor":"white","plot_bgcolor":"#E5ECF6","polar":{"bgcolor":"#E5ECF6","angularaxis":{"gridcolor":"white","linecolor":"white","ticks":""},"radialaxis":{"gridcolor":"white","linecolor":"white","ticks":""}},"ternary":{"bgcolor":"#E5ECF6",