{"data":[{"hoverinfo":"text","marker":{"color":[5.259629414314232,7.2247537402597635,5.999956572723137,5.999956572723137,5.999956572723137,8.0268721464003,6.18701983396052,5.562075120368568,4.999995657076895,4.999995657076895,4.999995657076895,4.999995657076895,5.999956572723137,8.481486060122112,8.09151498112135,4.999995657076895,4.999995657076895,5.999956572723137,5.259629414314232,5.999956572723137,5.999956572723137,4.999995657076895,4.999995657076895,6.249414472658991,5.999956572723137,4.999995657076895,5.896504155890234,6.531504975492931,4.999995657076895,4.999995657076895,6.481354475669688,5.999956572723137,4.999995657076895,4.999995657076895,5.8664291593859605,4.999995657076895,6.644740094472621,6.601886308269497,4.999995657076895,5.296700022075754,6.999565922520682,4.999995657076895,4.999995657076895,4.999995657076895,6.697669071315601,6.16742722515382,4.999995657076895,7.258848401148215],"colorbar":{"title":{"text":"Colorbar"}},"colorscale":[[0.0,"#440154"],[0.1111111111111111,"#482878"],[0.2222222222222222,"#3e4989"],[0.3333333333333333,"#31688e"],[0.4444444444444444,"#26828e"],[0.5555555555555556,"#1f9e89"],[0.6666666666666666,"#35b779"],[0.7777777777777778,"#6ece58"],[0.8888888888888888,"#b5de2b"],[1.0,"#fde725"]],"opacity":0.8,"size":5},"mode":"markers","text":["O15357","O60674","P00519","P00533","P04626","P04629","P06213","P06239","P06241","P06493","P07333","P07949","P08069","P08581","P08922","P09619","P09769","P11362","P12931","P16234","P17948","P22607","P23443","P23458","P29317","P29323","P29597","P30530","P31751","P35968","P36639","P36888","P50613","P51813","P52333","P54760","Q02763","Q04912","Q06187","Q06418","Q12866","Q15046","Q15139","Q16513","Q16620","Q8IVH8","Q9NWT8","Q9UM73"],"x":[4.57103,5.3180633,4.6770067,4.98713,4.45417,6.332539,3.3934457,10.055093,8.520828,8.102314,5.604713,5.540999,3.2640228,3.272532,2.5001156,5.399584,10.0057125,5.937432,8.207038,5.476977,3.2615087,6.57155,8.727752,4.983114,5.831302,5.534966,4.549778,6.4694533,9.471334,3.2593105,9.733413,5.1373973,9.792929,7.4185615,5.19932,5.8601003,5.158296,4.3752656,7.5621414,6.2128983,5.2727766,8.578952,5.41466,5.4614954,6.3194966,5.6205587,8.666096,3.270962],"y":[6.802705,5.9337516,6.9267325,5.956359,6.204852,5.122039,6.487048,5.162922,3.461647,7.0214787,5.9700637,5.714524,6.496475,6.5454473,6.965781,6.433914,4.937822,6.615086,4.945223,6.2335186,6.8980594,5.7706637,3.7465246,5.852905,5.0303884,5.3077826,6.2635317,5.8458285,5.7682705,6.5973682,3.2910492,6.446556,5.5630555,7.3378835,6.4067345,5.1065793,5.635063,6.510485,7.4177423,6.1219554,6.3047748,3.3564105,6.4708853,6.2669764,6.202456,6.5008845,5.2820206,7.319714],"z":[3.6781657,5.5208898,3.7916691,5.334776,3.4918816,4.2578697,3.571783,6.675014,5.8716087,7.5412273,4.729707,4.8548746,3.5934658,3.5768273,2.8550205,5.0747643,6.6888275,5.7504764,6.250244,5.8439507,3.4430377,4.142061,5.496978,5.207653,4.783899,5.65584,3.4164817,4.0002947,6.660868,3.5212977,5.4196086,5.150796,6.526349,6.6000867,3.318366,4.652806,5.1558795,3.0742579,6.563312,3.6356905,5.087858,5.4189224,4.885065,5.1088305,6.475791,5.3491626,4.308634,2.5686269],"type":"scatter3d"}],"layout":{"template":{"data":{"histogram2dcontour":[{"type":"histogram2dcontour","colorbar":{"outlinewidth":0,"ticks":""},"colorscale":[[0.0,"#0d0887"],[0.1111111111111111,"#46039f"],[0.2222222222222222,"#7201a8"],[0.3333333333333333,"#9c179e"],[0.4444444444444444,"#bd3786"],[0.5555555555555556,"#d8576b"],[0.6666666666666666,"#ed7953"],[0.7777777777777778,"#fb9f3a"],[0.8888888888888888,"#fdca26"],[1.0,"#f0f921"]]}],"choropleth":[{"type":"choropleth","colorbar":{"outlinewidth":0,"ticks":""}}],"histogram2d":[{"type":"histogram2d","colorbar":{"outlinewidth":0,"ticks":""},"colorscale":[[0.0,"#0d0887"],[0.1111111111111111,"#46039f"],[0.2222222222222222,"#7201a8"],[0.3333333333333333,"#9c179e"],[0.4444444444444444,"#bd3786"],[0.5555555555555556,"#d8576b"],[0.6666666666666666,"#ed7953"],[0.7777777777777778,"#fb9f3a"],[0.8888888888888888,"#fdca26"],[1.0,"#f0f921"]]}],"heatmap":[{"type":"heatmap","colorbar":{"outlinewidth":0,"ticks":""},"colorscale":[[0.0,"#0d0887"],[0.1111111111111111,"#46039f"],[0.2222222222222222,"#7201a8"],[0.3333333333333333,"#9c179e"],[0.4444444444444444,"#bd3786"],[0.5555555555555556,"#d8576b"],[0.6666666666666666,"#ed7953"],[0.7777777777777778,"#fb9f3a"],[0.8888888888888888,"#fdca26"],[1.0,"#f0f921"]]}],"heatmapgl":[{"type":"heatmapgl","colorbar":{"outlinewidth":0,"ticks":""},"colorscale":[[0.0,"#0d0887"],[0.1111111111111111,"#46039f"],[0.2222222222222222,"#7201a8"],[0.3333333333333333,"#9c179e"],[0.4444444444444444,"#bd3786"],[0.5555555555555556,"#d8576b"],[0.6666666666666666,"#ed7953"],[0.7777777777777778,"#fb9f3a"],[0.8888888888888888,"#fdca26"],[1.0,"#f0f921"]]}],"contourcarpet":[{"type":"contourcarpet","colorbar":{"outlinewidth":0,"ticks":""}}],"contour":[{"type":"contour","colorbar":{"outlinewidth":0,"ticks":""},"colorscale":[[0.0,"#0d0887"],[0.1111111111111111,"#46039f"],[0.2222222222222222,"#7201a8"],[0.3333333333333333,"#9c179e"],[0.4444444444444444,"#bd3786"],[0.5555555555555556,"#d8576b"],[0.6666666666666666,"#ed7953"],[0.7777777777777778,"#fb9f3a"],[0.8888888888888888,"#fdca26"],[1.0,"#f0f921"]]}],"surface":[{"type":"surface","colorbar":{"outlinewidth":0,"ticks":""},"colorscale":[[0.0,"#0d0887"],[0.1111111111111111,"#46039f"],[0.2222222222222222,"#7201a8"],[0.3333333333333333,"#9c179e"],[0.4444444444444444,"#bd3786"],[0.5555555555555556,"#d8576b"],[0.6666666666666666,"#ed7953"],[0.7777777777777778,"#fb9f3a"],[0.8888888888888888,"#fdca26"],[1.0,"#f0f921"]]}],"mesh3d":[{"type":"mesh3d","colorbar":{"outlinewidth":0,"ticks":""}}],"scatter":[{"fillpattern":{"fillmode":"overlay","size":10,"solidity":0.2},"type":"scatter"}],"parcoords":[{"type":"parcoords","line":{"colorbar":{"outlinewidth":0,"ticks":""}}}],"scatterpolargl":[{"type":"scatterpolargl","marker":{"colorbar":{"outlinewidth":0,"ticks":""}}}],"bar":[{"error_x":{"color":"#2a3f5f"},"error_y":{"color":"#2a3f5f"},"marker":{"line":{"color":"#E5ECF6","width":0.5},"pattern":{"fillmode":"overlay","size":10,"solidity":0.2}},"type":"bar"}],"scattergeo":[{"type":"scattergeo","marker":{"colorbar":{"outlinewidth":0,"ticks":""}}}],"scatterpolar":[{"type":"scatterpolar","marker":{"colorbar":{"outlinewidth":0,"ticks":""}}}],"histogram":[{"marker":{"pattern":{"fillmode":"overlay","size":10,"solidity":0.2}},"type":"histogram"}],"scattergl":[{"type":"scattergl","marker":{"colorbar":{"outlinewidth":0,"ticks":""}}}],"scatter3d":[{"type":"scatter3d","line":{"colorbar":{"outlinewidth":0,"ticks":""}},"marker":{"colorbar":{"outlinewidth":0,"ticks":""}}}],"scattermapbox":[{"type":"scattermapbox","marker":{"colorbar":{"outlinewidth":0,"ticks":""}}}],"scatterternary":[{"type":"scatterternary","marker":{"colorbar":{"outlinewidth":0,"ticks":""}}}],"scattercarpet":[{"type":"scattercarpet","marker":{"colorbar":{"outlinewidth":0,"ticks":""}}}],"carpet":[{"aaxis":{"endlinecolor":"#2a3f5f","gridcolor":"white","linecolor":"white","minorgridcolor":"white","startlinecolor":"#2a3f5f"},"baxis":{"endlinecolor":"#2a3f5f","gridcolor":"white","linecolor":"white","minorgridcolor":"white","startlinecolor":"#2a3f5f"},"type":"carpet"}],"table":[{"cells":{"fill":{"color":"#EBF0F8"},"line":{"color":"white"}},"header":{"fill":{"color":"#C8D4E3"},"line":{"color":"white"}},"type":"table"}],"barpolar":[{"marker":{"line":{"color":"#E5ECF6","width":0.5},"pattern":{"fillmode":"overlay","size":10,"solidity":0.2}},"type":"barpolar"}],"pie":[{"automargin":true,"type":"pie"}]},"layout":{"autotypenumbers":"strict","colorway":["#636efa","#EF553B","#00cc96","#ab63fa","#FFA15A","#19d3f3","#FF6692","#B6E880","#FF97FF","#FECB52"],"font":{"color":"#2a3f5f"},"hovermode":"closest","hoverlabel":{"align":"left"},"paper_bgcolor":"white","plot_bgcolor":"#E5ECF6","polar":{"bgcolor":"#E5ECF6","angularaxis":{"gridcolor":"white","linecolor":"white","ticks":""},"radialaxis":{"gridcolor":"white","linecolor":"white","ticks":""}},"ternary":{"bgcolor":"#E5ECF6",