{"data":[{"hoverinfo":"text","marker":{"color":[5.579532646923747,3.8761480324958324,4.563835762139879,6.962175249411658,4.93741425566273,8.437707135543524,6.492009275180308,6.7848914189469065,6.148680487351255,4.301029127075886,8.619788758288394,8.769551078621726,8.200659450546418,9.221848749616356,8.886056647693163,6.308388125785584,4.301029127075886,7.995678626217358,7.55129368009492,7.995678626217358,7.583359492661719,6.055467979008019,9.0,7.995678626217358,4.301029127075886,5.301021309861201,7.161150909262744,8.346787486224656,5.661523585087077,8.853871964321762,6.300509154727796,6.527097348196336,9.397940008672037,7.995678626217358,4.301029127075886,7.995678626217358,4.698967832869038,6.942714355581785,7.199970640755866,4.301029127075886,4.301029127075886,4.301029127075886,8.508638306165727,8.309803919971486,4.29999673633198,8.040958607678906,3.4885871344882227,3.6037071762811856,4.698967832869038,8.823908740944319,3.8761480324958324,5.188083322723563,6.982549270489464,3.4999995413212144],"colorbar":{"title":{"text":"Colorbar"}},"colorscale":[[0.0,"#440154"],[0.1111111111111111,"#482878"],[0.2222222222222222,"#3e4989"],[0.3333333333333333,"#31688e"],[0.4444444444444444,"#26828e"],[0.5555555555555556,"#1f9e89"],[0.6666666666666666,"#35b779"],[0.7777777777777778,"#6ece58"],[0.8888888888888888,"#b5de2b"],[1.0,"#fde725"]],"opacity":0.8,"size":5},"mode":"markers","text":["O14965","O15438","O15439","O43353","O95342","P00519","P00533","P04049","P04626","P06213","P06239","P06241","P07333","P07947","P07948","P07949","P08069","P08631","P09619","P09769","P10721","P11362","P12931","P16234","P17252","P24941","P29317","P29323","P35968","P41240","P42345","P42680","P42681","P42685","P49137","P51451","P51812","P53667","Q01538","Q05397","Q05513","Q05655","Q06187","Q08345","Q12809","Q13882","Q13936","Q14524","Q15418","Q16832","Q92887","Q96GD4","Q99640","Q9UK17"],"x":[8.268,4.422349,4.3282976,8.045118,4.684622,5.22236,5.416897,7.2269607,5.1728,4.1285043,10.207304,8.683999,6.128046,10.140826,8.240425,6.0815067,4.006477,7.7525125,5.8110557,10.099055,5.9078317,6.2671638,8.433479,5.812024,9.166705,9.705047,6.3721824,5.913778,3.9854615,9.787775,3.5562289,9.169077,8.345446,8.157716,8.872854,8.933694,6.974511,8.440674,5.1063404,5.7034574,9.813077,9.877277,7.7903376,6.8248916,5.468982,8.530028,3.3759077,3.2999482,8.582648,6.030938,3.8384473,9.069411,7.857576,7.3907084],"y":[6.5184426,7.0716214,6.9958143,6.0248127,6.7875443,7.204739,5.5928226,6.2078457,6.5628033,6.782469,4.175888,3.0601213,5.941453,4.0889826,4.2278,5.579675,6.7640877,5.3492403,6.3056927,4.075401,5.6206126,6.082288,4.355944,5.751739,3.4054055,4.754826,5.080848,4.941286,6.8502398,3.3111544,7.224545,5.114794,6.4159026,4.6950755,6.154718,4.741481,4.9850883,5.520941,7.3058386,5.9480376,3.965215,4.2347617,6.497714,6.574365,6.956299,5.6160817,7.2938585,7.305931,6.012158,5.6572113,7.280161,5.8643637,7.0209007,6.0583744],"z":[6.044548,2.4282334,2.6424432,6.375298,2.6865299,3.3962083,4.584672,6.4782367,2.8655105,2.808807,6.310789,4.6943693,4.0854306,6.1497974,6.7484546,4.1214366,2.8005495,6.836689,4.559412,6.19469,5.194793,5.396373,5.4982634,5.192897,5.159956,5.087543,3.8728795,4.6284957,2.7509263,5.540815,1.9531627,6.543903,6.6944447,6.5887322,5.500327,5.562915,4.519999,5.9650207,3.3021793,4.521612,5.9667106,6.071293,6.6163964,3.260463,3.5189393,5.720788,2.0061936,1.962249,5.0543118,5.1944566,2.393818,5.32165,4.5058208,6.738658],"type":"scatter3d"}],"layout":{"template":{"data":{"histogram2dcontour":[{"type":"histogram2dcontour","colorbar":{"outlinewidth":0,"ticks":""},"colorscale":[[0.0,"#0d0887"],[0.1111111111111111,"#46039f"],[0.2222222222222222,"#7201a8"],[0.3333333333333333,"#9c179e"],[0.4444444444444444,"#bd3786"],[0.5555555555555556,"#d8576b"],[0.6666666666666666,"#ed7953"],[0.7777777777777778,"#fb9f3a"],[0.8888888888888888,"#fdca26"],[1.0,"#f0f921"]]}],"choropleth":[{"type":"choropleth","colorbar":{"outlinewidth":0,"ticks":""}}],"histogram2d":[{"type":"histogram2d","colorbar":{"outlinewidth":0,"ticks":""},"colorscale":[[0.0,"#0d0887"],[0.1111111111111111,"#46039f"],[0.2222222222222222,"#7201a8"],[0.3333333333333333,"#9c179e"],[0.4444444444444444,"#bd3786"],[0.5555555555555556,"#d8576b"],[0.6666666666666666,"#ed7953"],[0.7777777777777778,"#fb9f3a"],[0.8888888888888888,"#fdca26"],[1.0,"#f0f921"]]}],"heatmap":[{"type":"heatmap","colorbar":{"outlinewidth":0,"ticks":""},"colorscale":[[0.0,"#0d0887"],[0.1111111111111111,"#46039f"],[0.2222222222222222,"#7201a8"],[0.3333333333333333,"#9c179e"],[0.4444444444444444,"#bd3786"],[0.5555555555555556,"#d8576b"],[0.6666666666666666,"#ed7953"],[0.7777777777777778,"#fb9f3a"],[0.8888888888888888,"#fdca26"],[1.0,"#f0f921"]]}],"heatmapgl":[{"type":"heatmapgl","colorbar":{"outlinewidth":0,"ticks":""},"colorscale":[[0.0,"#0d0887"],[0.1111111111111111,"#46039f"],[0.2222222222222222,"#7201a8"],[0.3333333333333333,"#9c179e"],[0.4444444444444444,"#bd3786"],[0.5555555555555556,"#d8576b"],[0.6666666666666666,"#ed7953"],[0.7777777777777778,"#fb9f3a"],[0.8888888888888888,"#fdca26"],[1.0,"#f0f921"]]}],"contourcarpet":[{"type":"contourcarpet","colorbar":{"outlinewidth":0,"ticks":""}}],"contour":[{"type":"contour","colorbar":{"outlinewidth":0,"ticks":""},"colorscale":[[0.0,"#0d0887"],[0.1111111111111111,"#46039f"],[0.2222222222222222,"#7201a8"],[0.3333333333333333,"#9c179e"],[0.4444444444444444,"#bd3786"],[0.5555555555555556,"#d8576b"],[0.6666666666666666,"#ed7953"],[0.7777777777777778,"#fb9f3a"],[0.8888888888888888,"#fdca26"],[1.0,"#f0f921"]]}],"surface":[{"type":"surface","colorbar":{"outlinewidth":0,"ticks":""},"colorscale":[[0.0,"#0d0887"],[0.1111111111111111,"#46039f"],[0.2222222222222222,"#7201a8"],[0.3333333333333333,"#9c179e"],[0.4444444444444444,"#bd3786"],[0.5555555555555556,"#d8576b"],[0.6666666666666666,"#ed7953"],[0.7777777777777778,"#fb9f3a"],[0.8888888888888888,"#fdca26"],[1.0,"#f0f921"]]}],"mesh3d":[{"type":"mesh3d","colorbar":{"outlinewidth":0,"ticks":""}}],"scatter":[{"fillpattern":{"fillmode":"overlay","size":10,"solidity":0.2},"type":"scatter"}],"parcoords":[{"type":"parcoords","line":{"colorbar":{"outlinewidth":0,"ticks":""}}}],"scatterpolargl":[{"type":"scatterpolargl","marker":{"colorbar":{"outlinewidth":0,"ticks":""}}}],"bar":[{"error_x":{"color":"#2a3f5f"},"error_y":{"color":"#2a3f5f"},"marker":{"line":{"color":"#E5ECF6","width":0.5},"pattern":{"fillmode":"overlay","size":10,"solidity":0.2}},"type":"bar"}],"scattergeo":[{"type":"scattergeo","marker":{"colorbar":{"outlinewidth":0,"ticks":""}}}],"scatterpolar":[{"type":"scatterpolar","marker":{"colorbar":{"outlinewidth":0,"ticks":""}}}],"histogram":[{"marker":{"pattern":{"fillmode":"overlay","size":10,"solidity":0.2}},"type":"histogram"}],"scattergl":[{"type":"scattergl","marker":{"colorbar":{"outlinewidth":0,"ticks":""}}}],"scatter3d":[{"type":"scatter3d","line":{"colorbar":{"outlinewidth":0,"ticks":""}},"marker":{"colorbar":{"outlinewidth":0,"ticks":""}}}],"scattermapbox":[{"type":"scattermapbox","marker":{"colorbar":{"outlinewidth":0,"ticks":""}}}],"scatterternary":[{"type":"scatterternary","marker":{"colorbar":{"outlinewidth":0,"ticks":""}}}],"scattercarpet":[{"type":"scattercarpet","marker":{"colorbar":{"outlinewidth":0,"ticks":""}}}],"carpet":[{"aaxis":{"endlinecolor":"#2a3f5f","gridcolor":"white","linecolor":"white","minorgridcolor":"white","startlinecolor":"#2a3f5f"},"baxis":{"endlinecolor":"#2a3f5f","gridcolor":"white","linecolor":"white","minorgridcolor":"white","startlinecolor":"#2a3f5f"},"type":"carpet"}],"table":[{"cells":{"fill":{"color":"#EBF0F8"},"line":{"color":"white"}},"header":{"fill":{"color":"#C8D4E3"},"line":{"color":"white"}},"type":"table"}],"barpolar":[{"marker":{"line":{"color":"#E5ECF6","width":0.5},"pattern":{"fillmode":"overlay","size":10,"solidity":0.2}},"type":"barpolar"}],"pie":[{"automargin":true,"type":"pie"}]},"layout":{"autotypenumbers":"strict","colorway":["#636efa","#EF553B","#00cc96","#ab63fa","#FFA15A","#19d3f3","#FF6692","#B6E880","#FF97FF","#FECB52"],