{"data":[{"hoverinfo":"text","marker":{"color":[5.579532646923747,3.8761480324958324,4.563835762139879,6.962175249411658,4.93741425566273,8.437707135543524,6.492009275180308,6.7848914189469065,6.148680487351255,4.301029127075886,8.619788758288394,8.769551078621726,8.200659450546418,9.221848749616356,8.886056647693163,6.308388125785584,4.301029127075886,7.995678626217358,7.55129368009492,7.995678626217358,7.583359492661719,6.055467979008019,9.0,7.995678626217358,4.301029127075886,5.301021309861201,7.161150909262744,8.346787486224656,5.661523585087077,8.853871964321762,6.300509154727796,6.527097348196336,9.397940008672037,7.995678626217358,4.301029127075886,7.995678626217358,4.698967832869038,6.942714355581785,7.199970640755866,4.301029127075886,4.301029127075886,4.301029127075886,8.508638306165727,8.309803919971486,4.29999673633198,8.040958607678906,3.4885871344882227,3.6037071762811856,4.698967832869038,8.823908740944319,3.8761480324958324,5.188083322723563,6.982549270489464,3.4999995413212144],"colorbar":{"title":{"text":"Colorbar"}},"colorscale":[[0.0,"#440154"],[0.1111111111111111,"#482878"],[0.2222222222222222,"#3e4989"],[0.3333333333333333,"#31688e"],[0.4444444444444444,"#26828e"],[0.5555555555555556,"#1f9e89"],[0.6666666666666666,"#35b779"],[0.7777777777777778,"#6ece58"],[0.8888888888888888,"#b5de2b"],[1.0,"#fde725"]],"opacity":0.8,"size":5},"mode":"markers","text":["O14965","O15438","O15439","O43353","O95342","P00519","P00533","P04049","P04626","P06213","P06239","P06241","P07333","P07947","P07948","P07949","P08069","P08631","P09619","P09769","P10721","P11362","P12931","P16234","P17252","P24941","P29317","P29323","P35968","P41240","P42345","P42680","P42681","P42685","P49137","P51451","P51812","P53667","Q01538","Q05397","Q05513","Q05655","Q06187","Q08345","Q12809","Q13882","Q13936","Q14524","Q15418","Q16832","Q92887","Q96GD4","Q99640","Q9UK17"],"x":[7.894117,3.5498316,3.5252216,7.8214254,3.9930627,4.6770067,4.98713,6.98467,4.45417,3.3934457,10.055093,8.520828,5.604713,10.006681,8.21264,5.540999,3.2640228,7.5929832,5.399584,10.0057125,5.556796,5.937432,8.207038,5.476977,8.934756,9.374561,5.831302,5.534966,3.2593105,9.644989,2.6526928,8.904629,8.133243,8.017215,8.492927,8.637134,6.5099206,8.075803,4.506835,5.2891636,9.667111,9.8110695,7.5621414,6.190636,4.894713,8.178509,2.5052001,2.4530451,8.092694,5.757798,3.1479504,8.606407,7.2102923,7.185499],"y":[7.1853776,6.6205277,6.5672317,6.939756,6.308286,6.9267325,5.956359,7.071869,6.204852,6.487048,5.162922,3.461647,5.9700637,5.044074,5.4571424,5.714524,6.496475,6.300571,6.433914,4.937822,6.1475396,6.615086,4.945223,6.2335186,4.069556,5.2905254,5.0303884,5.3077826,6.5973682,4.2476096,6.6562715,6.0462904,7.41004,5.64857,6.7190557,5.4442863,5.2624283,6.2377944,7.0190454,6.1045856,4.8320575,5.143178,7.4177423,6.2626133,6.753671,6.2210145,6.815567,6.80461,6.34629,6.11433,6.7766004,6.3240557,7.165395,7.044761],"z":[5.969106,2.995701,3.2371392,6.619047,3.2917945,3.7916691,5.334776,6.584443,3.4918816,3.571783,6.675014,5.8716087,4.729707,6.563508,7.4271126,4.8548746,3.5934658,7.19489,5.0747643,6.6888275,5.8805385,5.7504764,6.250244,5.8439507,6.13934,5.54423,4.783899,5.65584,3.5212977,6.3741007,2.7535555,6.7630677,6.6201763,7.2312975,5.557004,6.1243544,5.2301116,6.2117305,3.6287003,5.153095,6.6493773,6.6420927,6.563312,3.5804203,3.912103,5.9401975,2.7654748,2.772196,5.147145,5.8224897,3.0801208,5.416756,4.460547,6.8201756],"type":"scatter3d"}],"layout":{"template":{"data":{"histogram2dcontour":[{"type":"histogram2dcontour","colorbar":{"outlinewidth":0,"ticks":""},"colorscale":[[0.0,"#0d0887"],[0.1111111111111111,"#46039f"],[0.2222222222222222,"#7201a8"],[0.3333333333333333,"#9c179e"],[0.4444444444444444,"#bd3786"],[0.5555555555555556,"#d8576b"],[0.6666666666666666,"#ed7953"],[0.7777777777777778,"#fb9f3a"],[0.8888888888888888,"#fdca26"],[1.0,"#f0f921"]]}],"choropleth":[{"type":"choropleth","colorbar":{"outlinewidth":0,"ticks":""}}],"histogram2d":[{"type":"histogram2d","colorbar":{"outlinewidth":0,"ticks":""},"colorscale":[[0.0,"#0d0887"],[0.1111111111111111,"#46039f"],[0.2222222222222222,"#7201a8"],[0.3333333333333333,"#9c179e"],[0.4444444444444444,"#bd3786"],[0.5555555555555556,"#d8576b"],[0.6666666666666666,"#ed7953"],[0.7777777777777778,"#fb9f3a"],[0.8888888888888888,"#fdca26"],[1.0,"#f0f921"]]}],"heatmap":[{"type":"heatmap","colorbar":{"outlinewidth":0,"ticks":""},"colorscale":[[0.0,"#0d0887"],[0.1111111111111111,"#46039f"],[0.2222222222222222,"#7201a8"],[0.3333333333333333,"#9c179e"],[0.4444444444444444,"#bd3786"],[0.5555555555555556,"#d8576b"],[0.6666666666666666,"#ed7953"],[0.7777777777777778,"#fb9f3a"],[0.8888888888888888,"#fdca26"],[1.0,"#f0f921"]]}],"heatmapgl":[{"type":"heatmapgl","colorbar":{"outlinewidth":0,"ticks":""},"colorscale":[[0.0,"#0d0887"],[0.1111111111111111,"#46039f"],[0.2222222222222222,"#7201a8"],[0.3333333333333333,"#9c179e"],[0.4444444444444444,"#bd3786"],[0.5555555555555556,"#d8576b"],[0.6666666666666666,"#ed7953"],[0.7777777777777778,"#fb9f3a"],[0.8888888888888888,"#fdca26"],[1.0,"#f0f921"]]}],"contourcarpet":[{"type":"contourcarpet","colorbar":{"outlinewidth":0,"ticks":""}}],"contour":[{"type":"contour","colorbar":{"outlinewidth":0,"ticks":""},"colorscale":[[0.0,"#0d0887"],[0.1111111111111111,"#46039f"],[0.2222222222222222,"#7201a8"],[0.3333333333333333,"#9c179e"],[0.4444444444444444,"#bd3786"],[0.5555555555555556,"#d8576b"],[0.6666666666666666,"#ed7953"],[0.7777777777777778,"#fb9f3a"],[0.8888888888888888,"#fdca26"],[1.0,"#f0f921"]]}],"surface":[{"type":"surface","colorbar":{"outlinewidth":0,"ticks":""},"colorscale":[[0.0,"#0d0887"],[0.1111111111111111,"#46039f"],[0.2222222222222222,"#7201a8"],[0.3333333333333333,"#9c179e"],[0.4444444444444444,"#bd3786"],[0.5555555555555556,"#d8576b"],[0.6666666666666666,"#ed7953"],[0.7777777777777778,"#fb9f3a"],[0.8888888888888888,"#fdca26"],[1.0,"#f0f921"]]}],"mesh3d":[{"type":"mesh3d","colorbar":{"outlinewidth":0,"ticks":""}}],"scatter":[{"fillpattern":{"fillmode":"overlay","size":10,"solidity":0.2},"type":"scatter"}],"parcoords":[{"type":"parcoords","line":{"colorbar":{"outlinewidth":0,"ticks":""}}}],"scatterpolargl":[{"type":"scatterpolargl","marker":{"colorbar":{"outlinewidth":0,"ticks":""}}}],"bar":[{"error_x":{"color":"#2a3f5f"},"error_y":{"color":"#2a3f5f"},"marker":{"line":{"color":"#E5ECF6","width":0.5},"pattern":{"fillmode":"overlay","size":10,"solidity":0.2}},"type":"bar"}],"scattergeo":[{"type":"scattergeo","marker":{"colorbar":{"outlinewidth":0,"ticks":""}}}],"scatterpolar":[{"type":"scatterpolar","marker":{"colorbar":{"outlinewidth":0,"ticks":""}}}],"histogram":[{"marker":{"pattern":{"fillmode":"overlay","size":10,"solidity":0.2}},"type":"histogram"}],"scattergl":[{"type":"scattergl","marker":{"colorbar":{"outlinewidth":0,"ticks":""}}}],"scatter3d":[{"type":"scatter3d","line":{"colorbar":{"outlinewidth":0,"ticks":""}},"marker":{"colorbar":{"outlinewidth":0,"ticks":""}}}],"scattermapbox":[{"type":"scattermapbox","marker":{"colorbar":{"outlinewidth":0,"ticks":""}}}],"scatterternary":[{"type":"scatterternary","marker":{"colorbar":{"outlinewidth":0,"ticks":""}}}],"scattercarpet":[{"type":"scattercarpet","marker":{"colorbar":{"outlinewidth":0,"ticks":""}}}],"carpet":[{"aaxis":{"endlinecolor":"#2a3f5f","gridcolor":"white","linecolor":"white","minorgridcolor":"white","startlinecolor":"#2a3f5f"},"baxis":{"endlinecolor":"#2a3f5f","gridcolor":"white","linecolor":"white","minorgridcolor":"white","startlinecolor":"#2a3f5f"},"type":"carpet"}],"table":[{"cells":{"fill":{"color":"#EBF0F8"},"line":{"color":"white"}},"header":{"fill":{"color":"#C8D4E3"},"line":{"color":"white"}},"type":"table"}],"barpolar":[{"marker":{"line":{"color":"#E5ECF6","width":0.5},"pattern":{"fillmode":"overlay","size":10,"solidity":0.2}},"type":"barpolar"}],"pie":[{"automargin":true,"type":"pie"}]},"layout":{"autotypenumbers":"strict","colorway":["#636efa","#EF553B","#00cc96","#ab63fa","#FFA15A","#19d3f3","#FF6692","#B6E880","#FF97FF","#FECB52"],