{"data":[{"hoverinfo":"text","marker":{"color":[7.112945621949043,5.735867202830741,5.214663045465919,3.8761480324958324,3.8761480324958324,4.338139062200937,6.244811414391675,7.767003889607846,4.588269209656238,4.698967832869038,8.045757490560675,7.228412519118745,6.6495581434649385,5.301021309861201,7.080398976215889,7.600326278518962,5.9730175568083945,6.815024809301739,7.104577453960592,7.336299074610352,5.231354500272272,3.8860563136206134,8.040958607678906,4.999995657076895,4.999995657076895,6.080869586139386,8.045757490560675,7.402304814074488,7.85078088734462,6.734946211495985,4.999995657076895,7.20690839982342,5.795852874787152,5.374522918830933,6.801068130067791,3.8554893067652456,4.555485233142416,6.8823973083099155,7.326979092871103,7.665546248849069,3.911155083324907,3.8761480324958324,5.8238797889439144,6.657379957446652,4.29999673633198,5.9290022030065765],"colorbar":{"title":{"text":"Colorbar"}},"colorscale":[[0.0,"#440154"],[0.1111111111111111,"#482878"],[0.2222222222222222,"#3e4989"],[0.3333333333333333,"#31688e"],[0.4444444444444444,"#26828e"],[0.5555555555555556,"#1f9e89"],[0.6666666666666666,"#35b779"],[0.7777777777777778,"#6ece58"],[0.8888888888888888,"#b5de2b"],[1.0,"#fde725"]],"opacity":0.8,"size":5},"mode":"markers","text":["O14757","O14965","O15245","O15438","O15439","O95342","O96013","O96017","P00519","P00533","P06239","P07333","P07949","P08581","P09619","P10721","P11362","P12931","P16234","P17948","P22303","P24941","P30530","P31749","P34913","P34947","P35916","P35968","P36888","P51812","P53350","P54646","Q05397","Q12809","Q13131","Q13936","Q14524","Q15418","Q2M2I8","Q5S007","Q8IXJ6","Q92887","Q96GD4","Q9UHD2","Q9UK17","Q9UM73"],"x":[9.081626,7.894117,9.918148,3.5498316,3.5252216,3.9930627,6.333312,7.665958,4.6770067,4.98713,10.055093,5.604713,5.540999,3.272532,5.399584,5.556796,5.937432,8.207038,5.476977,3.2615087,8.259787,9.374561,6.4694533,9.41656,8.810265,9.711968,3.8243215,3.2593105,5.1373973,6.5099206,7.935459,8.048114,5.2891636,4.894713,8.812618,2.5052001,2.4530451,8.092694,5.605519,2.4486792,7.2873354,3.1479504,8.606407,8.15248,7.185499,3.270962],"y":[6.0891447,7.1853776,5.4657726,6.6205277,6.5672317,6.308286,6.8132496,7.1463437,6.9267325,5.956359,5.162922,5.9700637,5.714524,6.5454473,6.433914,6.1475396,6.615086,4.945223,6.2335186,6.8980594,4.9729066,5.2905254,5.8458285,4.7226233,5.5269303,5.170034,6.7158065,6.5973682,6.446556,5.2624283,6.976467,7.066729,6.1045856,6.753671,6.517004,6.815567,6.80461,6.34629,6.5737863,6.91268,6.700232,6.7766004,6.3240557,5.1219497,7.044761,7.319714],"z":[7.1718135,5.969106,6.486047,2.995701,3.2371392,3.2917945,3.9518938,6.127036,3.7916691,5.334776,6.675014,4.729707,4.8548746,3.5768273,5.0747643,5.8805385,5.7504764,6.250244,5.8439507,3.4430377,4.389686,5.54423,4.0002947,6.213003,5.9389024,6.691711,3.193074,3.5212977,5.150796,5.2301116,5.684844,6.1586914,5.153095,3.912103,6.704803,2.7654748,2.772196,5.147145,3.858885,2.6517735,4.9318814,3.0801208,5.416756,6.3631773,6.8201756,2.5686269],"type":"scatter3d"}],"layout":{"template":{"data":{"histogram2dcontour":[{"type":"histogram2dcontour","colorbar":{"outlinewidth":0,"ticks":""},"colorscale":[[0.0,"#0d0887"],[0.1111111111111111,"#46039f"],[0.2222222222222222,"#7201a8"],[0.3333333333333333,"#9c179e"],[0.4444444444444444,"#bd3786"],[0.5555555555555556,"#d8576b"],[0.6666666666666666,"#ed7953"],[0.7777777777777778,"#fb9f3a"],[0.8888888888888888,"#fdca26"],[1.0,"#f0f921"]]}],"choropleth":[{"type":"choropleth","colorbar":{"outlinewidth":0,"ticks":""}}],"histogram2d":[{"type":"histogram2d","colorbar":{"outlinewidth":0,"ticks":""},"colorscale":[[0.0,"#0d0887"],[0.1111111111111111,"#46039f"],[0.2222222222222222,"#7201a8"],[0.3333333333333333,"#9c179e"],[0.4444444444444444,"#bd3786"],[0.5555555555555556,"#d8576b"],[0.6666666666666666,"#ed7953"],[0.7777777777777778,"#fb9f3a"],[0.8888888888888888,"#fdca26"],[1.0,"#f0f921"]]}],"heatmap":[{"type":"heatmap","colorbar":{"outlinewidth":0,"ticks":""},"colorscale":[[0.0,"#0d0887"],[0.1111111111111111,"#46039f"],[0.2222222222222222,"#7201a8"],[0.3333333333333333,"#9c179e"],[0.4444444444444444,"#bd3786"],[0.5555555555555556,"#d8576b"],[0.6666666666666666,"#ed7953"],[0.7777777777777778,"#fb9f3a"],[0.8888888888888888,"#fdca26"],[1.0,"#f0f921"]]}],"heatmapgl":[{"type":"heatmapgl","colorbar":{"outlinewidth":0,"ticks":""},"colorscale":[[0.0,"#0d0887"],[0.1111111111111111,"#46039f"],[0.2222222222222222,"#7201a8"],[0.3333333333333333,"#9c179e"],[0.4444444444444444,"#bd3786"],[0.5555555555555556,"#d8576b"],[0.6666666666666666,"#ed7953"],[0.7777777777777778,"#fb9f3a"],[0.8888888888888888,"#fdca26"],[1.0,"#f0f921"]]}],"contourcarpet":[{"type":"contourcarpet","colorbar":{"outlinewidth":0,"ticks":""}}],"contour":[{"type":"contour","colorbar":{"outlinewidth":0,"ticks":""},"colorscale":[[0.0,"#0d0887"],[0.1111111111111111,"#46039f"],[0.2222222222222222,"#7201a8"],[0.3333333333333333,"#9c179e"],[0.4444444444444444,"#bd3786"],[0.5555555555555556,"#d8576b"],[0.6666666666666666,"#ed7953"],[0.7777777777777778,"#fb9f3a"],[0.8888888888888888,"#fdca26"],[1.0,"#f0f921"]]}],"surface":[{"type":"surface","colorbar":{"outlinewidth":0,"ticks":""},"colorscale":[[0.0,"#0d0887"],[0.1111111111111111,"#46039f"],[0.2222222222222222,"#7201a8"],[0.3333333333333333,"#9c179e"],[0.4444444444444444,"#bd3786"],[0.5555555555555556,"#d8576b"],[0.6666666666666666,"#ed7953"],[0.7777777777777778,"#fb9f3a"],[0.8888888888888888,"#fdca26"],[1.0,"#f0f921"]]}],"mesh3d":[{"type":"mesh3d","colorbar":{"outlinewidth":0,"ticks":""}}],"scatter":[{"fillpattern":{"fillmode":"overlay","size":10,"solidity":0.2},"type":"scatter"}],"parcoords":[{"type":"parcoords","line":{"colorbar":{"outlinewidth":0,"ticks":""}}}],"scatterpolargl":[{"type":"scatterpolargl","marker":{"colorbar":{"outlinewidth":0,"ticks":""}}}],"bar":[{"error_x":{"color":"#2a3f5f"},"error_y":{"color":"#2a3f5f"},"marker":{"line":{"color":"#E5ECF6","width":0.5},"pattern":{"fillmode":"overlay","size":10,"solidity":0.2}},"type":"bar"}],"scattergeo":[{"type":"scattergeo","marker":{"colorbar":{"outlinewidth":0,"ticks":""}}}],"scatterpolar":[{"type":"scatterpolar","marker":{"colorbar":{"outlinewidth":0,"ticks":""}}}],"histogram":[{"marker":{"pattern":{"fillmode":"overlay","size":10,"solidity":0.2}},"type":"histogram"}],"scattergl":[{"type":"scattergl","marker":{"colorbar":{"outlinewidth":0,"ticks":""}}}],"scatter3d":[{"type":"scatter3d","line":{"colorbar":{"outlinewidth":0,"ticks":""}},"marker":{"colorbar":{"outlinewidth":0,"ticks":""}}}],"scattermapbox":[{"type":"scattermapbox","marker":{"colorbar":{"outlinewidth":0,"ticks":""}}}],"scatterternary":[{"type":"scatterternary","marker":{"colorbar":{"outlinewidth":0,"ticks":""}}}],"scattercarpet":[{"type":"scattercarpet","marker":{"colorbar":{"outlinewidth":0,"ticks":""}}}],"carpet":[{"aaxis":{"endlinecolor":"#2a3f5f","gridcolor":"white","linecolor":"white","minorgridcolor":"white","startlinecolor":"#2a3f5f"},"baxis":{"endlinecolor":"#2a3f5f","gridcolor":"white","linecolor":"white","minorgridcolor":"white","startlinecolor":"#2a3f5f"},"type":"carpet"}],"table":[{"cells":{"fill":{"color":"#EBF0F8"},"line":{"color":"white"}},"header":{"fill":{"color":"#C8D4E3"},"line":{"color":"white"}},"type":"table"}],"barpolar":[{"marker":{"line":{"color":"#E5ECF6","width":0.5},"pattern":{"fillmode":"overlay","size":10,"solidity":0.2}},"type":"barpolar"}],"pie":[{"automargin":true,"type":"pie"}]},"layout":{"autotypenumbers":"strict","colorway":["#636efa","#EF553B","#00cc96","#ab63fa","#FFA15A","#19d3f3","#FF6692","#B6E880","#FF97FF","#FECB52"],"font":{"color":"#2a3f5f"},"hovermode":"closest","hoverlabel":{"align":"left"},"paper_bgcolor":"white","plot_bgcolor":"#E5ECF6","polar":{"bgcolor":"#E5ECF6","angularaxis":{"gridcolor":"white","linecolor":"white","ticks":""},"radialaxis":{"gridcolor":"white","linecolor":"white","ticks":""}},"ternary":{"bgcolor":"#E5ECF6","aaxis":{"gridcolor":"white","linecolor":"white","ticks":""},"baxis":{"gridcolor":"white","linecolor":"white","ticks":""},