{"data":[{"hoverinfo":"text","marker":{"color":[7.112945621949043,5.735867202830741,5.214663045465919,3.8761480324958324,3.8761480324958324,4.338139062200937,6.244811414391675,7.767003889607846,4.588269209656238,4.698967832869038,8.045757490560675,7.228412519118745,6.6495581434649385,5.301021309861201,7.080398976215889,7.600326278518962,5.9730175568083945,6.815024809301739,7.104577453960592,7.336299074610352,5.231354500272272,3.8860563136206134,8.040958607678906,4.999995657076895,4.999995657076895,6.080869586139386,8.045757490560675,7.402304814074488,7.85078088734462,6.734946211495985,4.999995657076895,7.20690839982342,5.795852874787152,5.374522918830933,6.801068130067791,3.8554893067652456,4.555485233142416,6.8823973083099155,7.326979092871103,7.665546248849069,3.911155083324907,3.8761480324958324,5.8238797889439144,6.657379957446652,4.29999673633198,5.9290022030065765],"colorbar":{"title":{"text":"Colorbar"}},"colorscale":[[0.0,"#440154"],[0.1111111111111111,"#482878"],[0.2222222222222222,"#3e4989"],[0.3333333333333333,"#31688e"],[0.4444444444444444,"#26828e"],[0.5555555555555556,"#1f9e89"],[0.6666666666666666,"#35b779"],[0.7777777777777778,"#6ece58"],[0.8888888888888888,"#b5de2b"],[1.0,"#fde725"]],"opacity":0.8,"size":5},"mode":"markers","text":["O14757","O14965","O15245","O15438","O15439","O95342","O96013","O96017","P00519","P00533","P06239","P07333","P07949","P08581","P09619","P10721","P11362","P12931","P16234","P17948","P22303","P24941","P30530","P31749","P34913","P34947","P35916","P35968","P36888","P51812","P53350","P54646","Q05397","Q12809","Q13131","Q13936","Q14524","Q15418","Q2M2I8","Q5S007","Q8IXJ6","Q92887","Q96GD4","Q9UHD2","Q9UK17","Q9UM73"],"x":[9.161029,8.268,10.051889,4.422349,4.3282976,4.684622,6.9371204,8.197762,5.22236,5.416897,10.207304,6.128046,6.0815067,4.0134087,5.8110557,5.9078317,6.2671638,8.433479,5.812024,3.901477,8.76766,9.705047,7.1141706,9.610565,9.096445,9.8490925,4.59403,3.9854615,5.555477,6.974511,8.339983,8.404394,5.7034574,5.468982,9.016097,3.3759077,3.2999482,8.582648,6.2660985,3.3799994,7.747323,3.8384473,9.069411,8.529402,7.3907084,4.09228],"y":[4.9694457,6.5184426,4.604434,7.0716214,6.9958143,6.7875443,7.0096846,6.3804703,7.204739,5.5928226,4.175888,5.941453,5.579675,6.7652307,6.3056927,5.6206126,6.082288,4.355944,5.751739,7.137667,4.987751,4.754826,5.9977913,4.0166707,4.924695,4.2169075,7.1375933,6.8502398,6.234281,4.9850883,6.3685365,6.246863,5.9480376,6.956299,5.589525,7.2938585,7.305931,6.012158,6.868727,7.366846,6.4076524,7.280161,5.8643637,4.5504107,6.0583744,7.9018335],"z":[6.8836126,6.044548,6.1303325,2.4282334,2.6424432,2.6865299,3.892949,6.126075,3.3962083,4.584672,6.310789,4.0854306,4.1214366,2.821669,4.559412,5.194793,5.396373,5.4982634,5.192897,2.801278,3.7717104,5.087543,3.5366726,5.564302,5.4976163,6.1489987,2.6590436,2.7509263,4.597783,4.519999,5.711645,6.1714892,4.521612,3.5189393,6.5737157,2.0061936,1.962249,5.0543118,3.600243,1.9759194,4.8494463,2.393818,5.32165,5.707457,6.738658,2.1529512],"type":"scatter3d"}],"layout":{"template":{"data":{"histogram2dcontour":[{"type":"histogram2dcontour","colorbar":{"outlinewidth":0,"ticks":""},"colorscale":[[0.0,"#0d0887"],[0.1111111111111111,"#46039f"],[0.2222222222222222,"#7201a8"],[0.3333333333333333,"#9c179e"],[0.4444444444444444,"#bd3786"],[0.5555555555555556,"#d8576b"],[0.6666666666666666,"#ed7953"],[0.7777777777777778,"#fb9f3a"],[0.8888888888888888,"#fdca26"],[1.0,"#f0f921"]]}],"choropleth":[{"type":"choropleth","colorbar":{"outlinewidth":0,"ticks":""}}],"histogram2d":[{"type":"histogram2d","colorbar":{"outlinewidth":0,"ticks":""},"colorscale":[[0.0,"#0d0887"],[0.1111111111111111,"#46039f"],[0.2222222222222222,"#7201a8"],[0.3333333333333333,"#9c179e"],[0.4444444444444444,"#bd3786"],[0.5555555555555556,"#d8576b"],[0.6666666666666666,"#ed7953"],[0.7777777777777778,"#fb9f3a"],[0.8888888888888888,"#fdca26"],[1.0,"#f0f921"]]}],"heatmap":[{"type":"heatmap","colorbar":{"outlinewidth":0,"ticks":""},"colorscale":[[0.0,"#0d0887"],[0.1111111111111111,"#46039f"],[0.2222222222222222,"#7201a8"],[0.3333333333333333,"#9c179e"],[0.4444444444444444,"#bd3786"],[0.5555555555555556,"#d8576b"],[0.6666666666666666,"#ed7953"],[0.7777777777777778,"#fb9f3a"],[0.8888888888888888,"#fdca26"],[1.0,"#f0f921"]]}],"heatmapgl":[{"type":"heatmapgl","colorbar":{"outlinewidth":0,"ticks":""},"colorscale":[[0.0,"#0d0887"],[0.1111111111111111,"#46039f"],[0.2222222222222222,"#7201a8"],[0.3333333333333333,"#9c179e"],[0.4444444444444444,"#bd3786"],[0.5555555555555556,"#d8576b"],[0.6666666666666666,"#ed7953"],[0.7777777777777778,"#fb9f3a"],[0.8888888888888888,"#fdca26"],[1.0,"#f0f921"]]}],"contourcarpet":[{"type":"contourcarpet","colorbar":{"outlinewidth":0,"ticks":""}}],"contour":[{"type":"contour","colorbar":{"outlinewidth":0,"ticks":""},"colorscale":[[0.0,"#0d0887"],[0.1111111111111111,"#46039f"],[0.2222222222222222,"#7201a8"],[0.3333333333333333,"#9c179e"],[0.4444444444444444,"#bd3786"],[0.5555555555555556,"#d8576b"],[0.6666666666666666,"#ed7953"],[0.7777777777777778,"#fb9f3a"],[0.8888888888888888,"#fdca26"],[1.0,"#f0f921"]]}],"surface":[{"type":"surface","colorbar":{"outlinewidth":0,"ticks":""},"colorscale":[[0.0,"#0d0887"],[0.1111111111111111,"#46039f"],[0.2222222222222222,"#7201a8"],[0.3333333333333333,"#9c179e"],[0.4444444444444444,"#bd3786"],[0.5555555555555556,"#d8576b"],[0.6666666666666666,"#ed7953"],[0.7777777777777778,"#fb9f3a"],[0.8888888888888888,"#fdca26"],[1.0,"#f0f921"]]}],"mesh3d":[{"type":"mesh3d","colorbar":{"outlinewidth":0,"ticks":""}}],"scatter":[{"fillpattern":{"fillmode":"overlay","size":10,"solidity":0.2},"type":"scatter"}],"parcoords":[{"type":"parcoords","line":{"colorbar":{"outlinewidth":0,"ticks":""}}}],"scatterpolargl":[{"type":"scatterpolargl","marker":{"colorbar":{"outlinewidth":0,"ticks":""}}}],"bar":[{"error_x":{"color":"#2a3f5f"},"error_y":{"color":"#2a3f5f"},"marker":{"line":{"color":"#E5ECF6","width":0.5},"pattern":{"fillmode":"overlay","size":10,"solidity":0.2}},"type":"bar"}],"scattergeo":[{"type":"scattergeo","marker":{"colorbar":{"outlinewidth":0,"ticks":""}}}],"scatterpolar":[{"type":"scatterpolar","marker":{"colorbar":{"outlinewidth":0,"ticks":""}}}],"histogram":[{"marker":{"pattern":{"fillmode":"overlay","size":10,"solidity":0.2}},"type":"histogram"}],"scattergl":[{"type":"scattergl","marker":{"colorbar":{"outlinewidth":0,"ticks":""}}}],"scatter3d":[{"type":"scatter3d","line":{"colorbar":{"outlinewidth":0,"ticks":""}},"marker":{"colorbar":{"outlinewidth":0,"ticks":""}}}],"scattermapbox":[{"type":"scattermapbox","marker":{"colorbar":{"outlinewidth":0,"ticks":""}}}],"scatterternary":[{"type":"scatterternary","marker":{"colorbar":{"outlinewidth":0,"ticks":""}}}],"scattercarpet":[{"type":"scattercarpet","marker":{"colorbar":{"outlinewidth":0,"ticks":""}}}],"carpet":[{"aaxis":{"endlinecolor":"#2a3f5f","gridcolor":"white","linecolor":"white","minorgridcolor":"white","startlinecolor":"#2a3f5f"},"baxis":{"endlinecolor":"#2a3f5f","gridcolor":"white","linecolor":"white","minorgridcolor":"white","startlinecolor":"#2a3f5f"},"type":"carpet"}],"table":[{"cells":{"fill":{"color":"#EBF0F8"},"line":{"color":"white"}},"header":{"fill":{"color":"#C8D4E3"},"line":{"color":"white"}},"type":"table"}],"barpolar":[{"marker":{"line":{"color":"#E5ECF6","width":0.5},"pattern":{"fillmode":"overlay","size":10,"solidity":0.2}},"type":"barpolar"}],"pie":[{"automargin":true,"type":"pie"}]},"layout":{"autotypenumbers":"strict","colorway":["#636efa","#EF553B","#00cc96","#ab63fa","#FFA15A","#19d3f3","#FF6692","#B6E880","#FF97FF","#FECB52"],"font":{"color":"#2a3f5f"},"hovermode":"closest","hoverlabel":{"align":"left"},"paper_bgcolor":"white","plot_bgcolor":"#E5ECF6","polar":{"bgcolor":"#E5ECF6","angularaxis":{"gridcolor":"white","linecolor":"white","ticks":""},"radialaxis":{"gridcolor":"white","linecolor":"white","ticks":""}},"ternary":{"bgcolor":"#E5ECF6","aaxis":{"gridcolor":"white","linecolor":"white","ticks":""},"baxis":{"gridcolor":"white","linecolor":"white","ticks":""},