{"data":[{"hoverinfo":"text","marker":{"color":[5.420204974731411,5.443685435664653,5.096904584360962,7.243363891754152,8.200659450546418,9.18045606445813,7.235823867609669,7.954677021213342,5.240324602428535,4.999995657076895,7.243363891754152,8.142667503568731,7.166852888087215,6.236497134532403,7.235823867609669,5.522864269038877,7.419075024324381,6.369470428573176,7.507239610973162,7.480172006224281,3.8239084514147605,7.7423214251308154,6.9582126810282485,4.999995657076895,7.91721462968355,7.7423214251308154,7.047207556955908,7.266802734893431,5.7904581779834,5.080916675191809,4.999995657076895,9.494850021680094,6.885722703438414,9.031517051446064,4.999995657076895,5.863247733673337,5.8238797889439144,7.073143291050307,8.148741651280925,6.756713853916554,6.999565922520682,6.999565922520682,5.74470336809566,6.685922008220787,6.999565922520682,6.999565922520682,6.581532979053399,4.838030392637396],"colorbar":{"title":{"text":"Colorbar"}},"colorscale":[[0.0,"#440154"],[0.1111111111111111,"#482878"],[0.2222222222222222,"#3e4989"],[0.3333333333333333,"#31688e"],[0.4444444444444444,"#26828e"],[0.5555555555555556,"#1f9e89"],[0.6666666666666666,"#35b779"],[0.7777777777777778,"#6ece58"],[0.8888888888888888,"#b5de2b"],[1.0,"#fde725"]],"opacity":0.8,"size":5},"mode":"markers","text":["O14965","O43353","O95342","P00533","P04049","P04626","P07333","P07949","P08581","P08684","P09619","P10398","P10721","P11362","P11511","P11802","P15056","P16234","P17948","P24863","P24941","P27361","P28482","P31749","P34913","P35916","P35968","P36888","P49336","P49841","P53350","P54760","Q00534","Q02763","Q05397","Q12866","Q13546","Q16539","Q16832","Q59H18","Q86Z02","Q8NE63","Q96GD4","Q9BWU1","Q9H2X6","Q9H422","Q9HBH9","Q9Y572"],"x":[7.894117,7.8214254,3.9930627,4.98713,6.98467,4.45417,5.604713,5.540999,3.272532,9.285044,5.399584,7.888976,5.556796,5.937432,9.373558,8.636268,5.889541,5.476977,3.2615087,8.428565,9.374561,9.200914,9.262044,9.41656,8.810265,3.8243215,3.2593105,5.1373973,9.343024,8.3989935,7.935459,5.8601003,8.6861105,5.158296,5.2891636,5.2727766,7.3666787,9.747744,5.757798,5.573703,4.522926,7.947741,8.606407,7.4398975,4.6068554,4.505317,8.173391,7.920615],"y":[7.1853776,6.939756,6.308286,5.956359,7.071869,6.204852,5.9700637,5.714524,6.5454473,6.521268,6.433914,6.359237,6.1475396,6.615086,5.7644815,3.8924084,6.489017,6.2335186,6.8980594,6.3355145,5.2905254,5.44405,5.3300185,4.7226233,5.5269303,6.7158065,6.5973682,6.446556,5.970228,5.4531994,6.976467,5.1065793,4.737634,5.635063,6.1045856,6.3047748,7.0835724,5.64568,6.11433,6.6473613,6.940917,6.3642597,6.3240557,6.0239635,6.9328833,6.885501,5.3431616,5.8696017],"z":[5.969106,6.619047,3.2917945,5.334776,6.584443,3.4918816,4.729707,4.8548746,3.5768273,5.960536,5.0747643,6.156536,5.8805385,5.7504764,6.038283,5.420043,4.7501893,5.8439507,3.4430377,4.8073277,5.54423,6.3388834,6.2312803,6.213003,5.9389024,3.193074,3.5212977,5.150796,6.054823,6.677132,5.684844,4.652806,5.717019,5.1558795,5.153095,5.087858,6.687204,6.7721953,5.8224897,5.3399663,4.028462,5.334522,5.416756,4.81296,4.1481123,4.037942,4.5135856,6.1747994],"type":"scatter3d"}],"layout":{"template":{"data":{"histogram2dcontour":[{"type":"histogram2dcontour","colorbar":{"outlinewidth":0,"ticks":""},"colorscale":[[0.0,"#0d0887"],[0.1111111111111111,"#46039f"],[0.2222222222222222,"#7201a8"],[0.3333333333333333,"#9c179e"],[0.4444444444444444,"#bd3786"],[0.5555555555555556,"#d8576b"],[0.6666666666666666,"#ed7953"],[0.7777777777777778,"#fb9f3a"],[0.8888888888888888,"#fdca26"],[1.0,"#f0f921"]]}],"choropleth":[{"type":"choropleth","colorbar":{"outlinewidth":0,"ticks":""}}],"histogram2d":[{"type":"histogram2d","colorbar":{"outlinewidth":0,"ticks":""},"colorscale":[[0.0,"#0d0887"],[0.1111111111111111,"#46039f"],[0.2222222222222222,"#7201a8"],[0.3333333333333333,"#9c179e"],[0.4444444444444444,"#bd3786"],[0.5555555555555556,"#d8576b"],[0.6666666666666666,"#ed7953"],[0.7777777777777778,"#fb9f3a"],[0.8888888888888888,"#fdca26"],[1.0,"#f0f921"]]}],"heatmap":[{"type":"heatmap","colorbar":{"outlinewidth":0,"ticks":""},"colorscale":[[0.0,"#0d0887"],[0.1111111111111111,"#46039f"],[0.2222222222222222,"#7201a8"],[0.3333333333333333,"#9c179e"],[0.4444444444444444,"#bd3786"],[0.5555555555555556,"#d8576b"],[0.6666666666666666,"#ed7953"],[0.7777777777777778,"#fb9f3a"],[0.8888888888888888,"#fdca26"],[1.0,"#f0f921"]]}],"heatmapgl":[{"type":"heatmapgl","colorbar":{"outlinewidth":0,"ticks":""},"colorscale":[[0.0,"#0d0887"],[0.1111111111111111,"#46039f"],[0.2222222222222222,"#7201a8"],[0.3333333333333333,"#9c179e"],[0.4444444444444444,"#bd3786"],[0.5555555555555556,"#d8576b"],[0.6666666666666666,"#ed7953"],[0.7777777777777778,"#fb9f3a"],[0.8888888888888888,"#fdca26"],[1.0,"#f0f921"]]}],"contourcarpet":[{"type":"contourcarpet","colorbar":{"outlinewidth":0,"ticks":""}}],"contour":[{"type":"contour","colorbar":{"outlinewidth":0,"ticks":""},"colorscale":[[0.0,"#0d0887"],[0.1111111111111111,"#46039f"],[0.2222222222222222,"#7201a8"],[0.3333333333333333,"#9c179e"],[0.4444444444444444,"#bd3786"],[0.5555555555555556,"#d8576b"],[0.6666666666666666,"#ed7953"],[0.7777777777777778,"#fb9f3a"],[0.8888888888888888,"#fdca26"],[1.0,"#f0f921"]]}],"surface":[{"type":"surface","colorbar":{"outlinewidth":0,"ticks":""},"colorscale":[[0.0,"#0d0887"],[0.1111111111111111,"#46039f"],[0.2222222222222222,"#7201a8"],[0.3333333333333333,"#9c179e"],[0.4444444444444444,"#bd3786"],[0.5555555555555556,"#d8576b"],[0.6666666666666666,"#ed7953"],[0.7777777777777778,"#fb9f3a"],[0.8888888888888888,"#fdca26"],[1.0,"#f0f921"]]}],"mesh3d":[{"type":"mesh3d","colorbar":{"outlinewidth":0,"ticks":""}}],"scatter":[{"fillpattern":{"fillmode":"overlay","size":10,"solidity":0.2},"type":"scatter"}],"parcoords":[{"type":"parcoords","line":{"colorbar":{"outlinewidth":0,"ticks":""}}}],"scatterpolargl":[{"type":"scatterpolargl","marker":{"colorbar":{"outlinewidth":0,"ticks":""}}}],"bar":[{"error_x":{"color":"#2a3f5f"},"error_y":{"color":"#2a3f5f"},"marker":{"line":{"color":"#E5ECF6","width":0.5},"pattern":{"fillmode":"overlay","size":10,"solidity":0.2}},"type":"bar"}],"scattergeo":[{"type":"scattergeo","marker":{"colorbar":{"outlinewidth":0,"ticks":""}}}],"scatterpolar":[{"type":"scatterpolar","marker":{"colorbar":{"outlinewidth":0,"ticks":""}}}],"histogram":[{"marker":{"pattern":{"fillmode":"overlay","size":10,"solidity":0.2}},"type":"histogram"}],"scattergl":[{"type":"scattergl","marker":{"colorbar":{"outlinewidth":0,"ticks":""}}}],"scatter3d":[{"type":"scatter3d","line":{"colorbar":{"outlinewidth":0,"ticks":""}},"marker":{"colorbar":{"outlinewidth":0,"ticks":""}}}],"scattermapbox":[{"type":"scattermapbox","marker":{"colorbar":{"outlinewidth":0,"ticks":""}}}],"scatterternary":[{"type":"scatterternary","marker":{"colorbar":{"outlinewidth":0,"ticks":""}}}],"scattercarpet":[{"type":"scattercarpet","marker":{"colorbar":{"outlinewidth":0,"ticks":""}}}],"carpet":[{"aaxis":{"endlinecolor":"#2a3f5f","gridcolor":"white","linecolor":"white","minorgridcolor":"white","startlinecolor":"#2a3f5f"},"baxis":{"endlinecolor":"#2a3f5f","gridcolor":"white","linecolor":"white","minorgridcolor":"white","startlinecolor":"#2a3f5f"},"type":"carpet"}],"table":[{"cells":{"fill":{"color":"#EBF0F8"},"line":{"color":"white"}},"header":{"fill":{"color":"#C8D4E3"},"line":{"color":"white"}},"type":"table"}],"barpolar":[{"marker":{"line":{"color":"#E5ECF6","width":0.5},"pattern":{"fillmode":"overlay","size":10,"solidity":0.2}},"type":"barpolar"}],"pie":[{"automargin":true,"type":"pie"}]},"layout":{"autotypenumbers":"strict","colorway":["#636efa","#EF553B","#00cc96","#ab63fa","#FFA15A","#19d3f3","#FF6692","#B6E880","#FF97FF","#FECB52"],"font":{"color":"#2a3f5f"},"hovermode":"closest","hoverlabel":{"align":"left"},"paper_bgcolor":"white","plot_bgcolor":"#E5ECF6","polar":{"bgcolor":"#E5ECF6","angularaxis":{"gridcolor":"white","linecolor":"white","ticks":""},"radialaxis":{"gridcolor":"white","linecolor":"white","ticks":""}},"ternary":{"bgcolor":"#E5ECF6","aaxis":{"gridcolor":"white",