{"data":[{"hoverinfo":"text","marker":{"color":[5.420204974731411,5.443685435664653,5.096904584360962,7.243363891754152,8.200659450546418,9.18045606445813,7.235823867609669,7.954677021213342,5.240324602428535,4.999995657076895,7.243363891754152,8.142667503568731,7.166852888087215,6.236497134532403,7.235823867609669,5.522864269038877,7.419075024324381,6.369470428573176,7.507239610973162,7.480172006224281,3.8239084514147605,7.7423214251308154,6.9582126810282485,4.999995657076895,7.91721462968355,7.7423214251308154,7.047207556955908,7.266802734893431,5.7904581779834,5.080916675191809,4.999995657076895,9.494850021680094,6.885722703438414,9.031517051446064,4.999995657076895,5.863247733673337,5.8238797889439144,7.073143291050307,8.148741651280925,6.756713853916554,6.999565922520682,6.999565922520682,5.74470336809566,6.685922008220787,6.999565922520682,6.999565922520682,6.581532979053399,4.838030392637396],"colorbar":{"title":{"text":"Colorbar"}},"colorscale":[[0.0,"#440154"],[0.1111111111111111,"#482878"],[0.2222222222222222,"#3e4989"],[0.3333333333333333,"#31688e"],[0.4444444444444444,"#26828e"],[0.5555555555555556,"#1f9e89"],[0.6666666666666666,"#35b779"],[0.7777777777777778,"#6ece58"],[0.8888888888888888,"#b5de2b"],[1.0,"#fde725"]],"opacity":0.8,"size":5},"mode":"markers","text":["O14965","O43353","O95342","P00533","P04049","P04626","P07333","P07949","P08581","P08684","P09619","P10398","P10721","P11362","P11511","P11802","P15056","P16234","P17948","P24863","P24941","P27361","P28482","P31749","P34913","P35916","P35968","P36888","P49336","P49841","P53350","P54760","Q00534","Q02763","Q05397","Q12866","Q13546","Q16539","Q16832","Q59H18","Q86Z02","Q8NE63","Q96GD4","Q9BWU1","Q9H2X6","Q9H422","Q9HBH9","Q9Y572"],"x":[8.268,8.045118,4.684622,5.416897,7.2269607,5.1728,6.128046,6.0815067,4.0134087,9.592941,5.8110557,8.20039,5.9078317,6.2671638,9.5855875,8.936326,6.341161,5.812024,3.901477,9.1003475,9.705047,9.392066,9.461811,9.610565,9.096445,4.59403,3.9854615,5.555477,9.569902,8.666703,8.339983,6.4583716,8.91101,5.5558805,5.7034574,5.6673174,7.6383495,9.92071,6.030938,5.9801598,5.1050076,8.422064,9.069411,7.9191904,5.146611,5.0372324,8.573893,8.185049],"y":[6.5184426,6.0248127,6.7875443,5.5928226,6.2078457,6.5628033,5.941453,5.579675,6.7652307,5.8467007,6.3056927,5.64672,5.6206126,6.082288,5.1137414,3.5685143,6.349472,5.751739,7.137667,6.064254,4.754826,4.7867327,4.73437,4.0166707,4.924695,7.1375933,6.8502398,6.234281,5.19069,4.4872646,6.3685365,5.124808,4.2538557,5.421168,5.9480376,6.1791196,6.191191,4.616308,5.6572113,6.4475102,7.098882,5.97549,5.8643637,5.8733916,7.050825,7.0294976,5.309251,5.1985717],"z":[6.044548,6.375298,2.6865299,4.584672,6.4782367,2.8655105,4.0854306,4.1214366,2.821669,6.0126653,4.559412,5.920447,5.194793,5.396373,5.592003,4.398877,4.3196626,5.192897,2.801278,4.626125,5.087543,5.9913297,5.8295536,5.564302,5.4976163,2.6590436,2.7509263,4.597783,6.0257993,5.9684067,5.711645,3.7495928,4.9643836,4.3729115,4.521612,4.4851413,6.570373,6.466041,5.1944566,4.9376106,3.61302,5.1340356,5.32165,4.562577,3.731562,3.6136963,4.080183,5.688094],"type":"scatter3d"}],"layout":{"template":{"data":{"histogram2dcontour":[{"type":"histogram2dcontour","colorbar":{"outlinewidth":0,"ticks":""},"colorscale":[[0.0,"#0d0887"],[0.1111111111111111,"#46039f"],[0.2222222222222222,"#7201a8"],[0.3333333333333333,"#9c179e"],[0.4444444444444444,"#bd3786"],[0.5555555555555556,"#d8576b"],[0.6666666666666666,"#ed7953"],[0.7777777777777778,"#fb9f3a"],[0.8888888888888888,"#fdca26"],[1.0,"#f0f921"]]}],"choropleth":[{"type":"choropleth","colorbar":{"outlinewidth":0,"ticks":""}}],"histogram2d":[{"type":"histogram2d","colorbar":{"outlinewidth":0,"ticks":""},"colorscale":[[0.0,"#0d0887"],[0.1111111111111111,"#46039f"],[0.2222222222222222,"#7201a8"],[0.3333333333333333,"#9c179e"],[0.4444444444444444,"#bd3786"],[0.5555555555555556,"#d8576b"],[0.6666666666666666,"#ed7953"],[0.7777777777777778,"#fb9f3a"],[0.8888888888888888,"#fdca26"],[1.0,"#f0f921"]]}],"heatmap":[{"type":"heatmap","colorbar":{"outlinewidth":0,"ticks":""},"colorscale":[[0.0,"#0d0887"],[0.1111111111111111,"#46039f"],[0.2222222222222222,"#7201a8"],[0.3333333333333333,"#9c179e"],[0.4444444444444444,"#bd3786"],[0.5555555555555556,"#d8576b"],[0.6666666666666666,"#ed7953"],[0.7777777777777778,"#fb9f3a"],[0.8888888888888888,"#fdca26"],[1.0,"#f0f921"]]}],"heatmapgl":[{"type":"heatmapgl","colorbar":{"outlinewidth":0,"ticks":""},"colorscale":[[0.0,"#0d0887"],[0.1111111111111111,"#46039f"],[0.2222222222222222,"#7201a8"],[0.3333333333333333,"#9c179e"],[0.4444444444444444,"#bd3786"],[0.5555555555555556,"#d8576b"],[0.6666666666666666,"#ed7953"],[0.7777777777777778,"#fb9f3a"],[0.8888888888888888,"#fdca26"],[1.0,"#f0f921"]]}],"contourcarpet":[{"type":"contourcarpet","colorbar":{"outlinewidth":0,"ticks":""}}],"contour":[{"type":"contour","colorbar":{"outlinewidth":0,"ticks":""},"colorscale":[[0.0,"#0d0887"],[0.1111111111111111,"#46039f"],[0.2222222222222222,"#7201a8"],[0.3333333333333333,"#9c179e"],[0.4444444444444444,"#bd3786"],[0.5555555555555556,"#d8576b"],[0.6666666666666666,"#ed7953"],[0.7777777777777778,"#fb9f3a"],[0.8888888888888888,"#fdca26"],[1.0,"#f0f921"]]}],"surface":[{"type":"surface","colorbar":{"outlinewidth":0,"ticks":""},"colorscale":[[0.0,"#0d0887"],[0.1111111111111111,"#46039f"],[0.2222222222222222,"#7201a8"],[0.3333333333333333,"#9c179e"],[0.4444444444444444,"#bd3786"],[0.5555555555555556,"#d8576b"],[0.6666666666666666,"#ed7953"],[0.7777777777777778,"#fb9f3a"],[0.8888888888888888,"#fdca26"],[1.0,"#f0f921"]]}],"mesh3d":[{"type":"mesh3d","colorbar":{"outlinewidth":0,"ticks":""}}],"scatter":[{"fillpattern":{"fillmode":"overlay","size":10,"solidity":0.2},"type":"scatter"}],"parcoords":[{"type":"parcoords","line":{"colorbar":{"outlinewidth":0,"ticks":""}}}],"scatterpolargl":[{"type":"scatterpolargl","marker":{"colorbar":{"outlinewidth":0,"ticks":""}}}],"bar":[{"error_x":{"color":"#2a3f5f"},"error_y":{"color":"#2a3f5f"},"marker":{"line":{"color":"#E5ECF6","width":0.5},"pattern":{"fillmode":"overlay","size":10,"solidity":0.2}},"type":"bar"}],"scattergeo":[{"type":"scattergeo","marker":{"colorbar":{"outlinewidth":0,"ticks":""}}}],"scatterpolar":[{"type":"scatterpolar","marker":{"colorbar":{"outlinewidth":0,"ticks":""}}}],"histogram":[{"marker":{"pattern":{"fillmode":"overlay","size":10,"solidity":0.2}},"type":"histogram"}],"scattergl":[{"type":"scattergl","marker":{"colorbar":{"outlinewidth":0,"ticks":""}}}],"scatter3d":[{"type":"scatter3d","line":{"colorbar":{"outlinewidth":0,"ticks":""}},"marker":{"colorbar":{"outlinewidth":0,"ticks":""}}}],"scattermapbox":[{"type":"scattermapbox","marker":{"colorbar":{"outlinewidth":0,"ticks":""}}}],"scatterternary":[{"type":"scatterternary","marker":{"colorbar":{"outlinewidth":0,"ticks":""}}}],"scattercarpet":[{"type":"scattercarpet","marker":{"colorbar":{"outlinewidth":0,"ticks":""}}}],"carpet":[{"aaxis":{"endlinecolor":"#2a3f5f","gridcolor":"white","linecolor":"white","minorgridcolor":"white","startlinecolor":"#2a3f5f"},"baxis":{"endlinecolor":"#2a3f5f","gridcolor":"white","linecolor":"white","minorgridcolor":"white","startlinecolor":"#2a3f5f"},"type":"carpet"}],"table":[{"cells":{"fill":{"color":"#EBF0F8"},"line":{"color":"white"}},"header":{"fill":{"color":"#C8D4E3"},"line":{"color":"white"}},"type":"table"}],"barpolar":[{"marker":{"line":{"color":"#E5ECF6","width":0.5},"pattern":{"fillmode":"overlay","size":10,"solidity":0.2}},"type":"barpolar"}],"pie":[{"automargin":true,"type":"pie"}]},"layout":{"autotypenumbers":"strict","colorway":["#636efa","#EF553B","#00cc96","#ab63fa","#FFA15A","#19d3f3","#FF6692","#B6E880","#FF97FF","#FECB52"],"font":{"color":"#2a3f5f"},"hovermode":"closest","hoverlabel":{"align":"left"},"paper_bgcolor":"white","plot_bgcolor":"#E5ECF6","polar":{"bgcolor":"#E5ECF6","angularaxis":{"gridcolor":"white","linecolor":"white","ticks":""},"radialaxis":{"gridcolor":"white","linecolor":"white","ticks":""}},"ternary":{"bgcolor":"#E5ECF6","aaxis":{"gridcolor":"white",