{"data":[{"hoverinfo":"text","marker":{"color":[5.657557578968163,6.0087296108049,4.999995657076895,7.600326278518962,7.494850021680094,7.518557371497695,4.999995657076895,5.161585421036762,6.277283832511505,5.076958146373514,4.999995657076895,4.844660925521208,8.508638306165727,4.999995657076895,4.823905845657424,4.999995657076895,4.5086369052180455,7.407823242604133,8.67778070526608,4.999995657076895,5.341692811152107,6.406603157699793,4.999995657076895,4.999995657076895,4.694646480586015,4.999995657076895,4.999995657076895,6.962175249411658,4.999995657076895,5.301021309861201,4.999995657076895,4.999995657076895,4.698967832869038,4.999995657076895,4.999995657076895,4.999995657076895,4.999995657076895,4.999995657076895,7.120330794367947,4.698967832869038,4.7447250821562745,6.329661358872558,4.999995657076895,4.7694208098164985],"colorbar":{"title":{"text":"Colorbar"}},"colorscale":[[0.0,"#440154"],[0.1111111111111111,"#482878"],[0.2222222222222222,"#3e4989"],[0.3333333333333333,"#31688e"],[0.4444444444444444,"#26828e"],[0.5555555555555556,"#1f9e89"],[0.6666666666666666,"#35b779"],[0.7777777777777778,"#6ece58"],[0.8888888888888888,"#b5de2b"],[1.0,"#fde725"]],"opacity":0.8,"size":5},"mode":"markers","text":["O00444","O43570","O60674","P00519","P00915","P00918","P06213","P06239","P07451","P07948","P08581","P08684","P09619","P09769","P10721","P11362","P12931","P16083","P16234","P21802","P22748","P23280","P29323","P29597","P35218","P36888","P42685","P43166","P43403","P43405","P51451","P51813","P53350","P54760","P54762","Q02763","Q04912","Q16620","Q16790","Q9H4B4","Q9NYY3","Q9ULX7","Q9UM73","Q9Y2D0"],"x":[5.7784348,8.023041,5.3180633,4.6770067,8.033706,8.903869,3.3934457,10.055093,8.723228,8.21264,3.272532,9.285044,5.399584,10.0057125,5.556796,5.937432,8.207038,9.029275,5.476977,5.9244623,8.53867,9.774093,5.534966,4.549778,9.230147,5.1373973,8.017215,7.954433,8.044764,8.398281,8.637134,7.4185615,7.935459,5.8601003,5.6232004,5.158296,4.3752656,6.3194966,8.495448,7.8584485,7.5687766,9.052926,3.270962,8.21237],"y":[7.1232023,6.7006207,5.9337516,6.9267325,6.7927947,5.34088,6.487048,5.162922,5.5991335,5.4571424,6.5454473,6.521268,6.433914,4.937822,6.1475396,6.615086,4.945223,4.67189,6.2335186,6.315935,5.3666945,4.1101847,5.3077826,6.2635317,5.79946,6.446556,5.64857,6.607643,6.147835,4.690096,5.4442863,7.3378835,6.976467,5.1065793,5.5059223,5.635063,6.510485,6.202456,6.2378573,6.576143,6.253978,5.553544,7.319714,5.5724964],"z":[5.714422,7.464021,5.5208898,3.7916691,7.947888,7.2106323,3.571783,6.675014,7.3179474,7.4271126,3.5768273,5.960536,5.0747643,6.6888275,5.8805385,5.7504764,6.250244,6.9764543,5.8439507,5.9990826,4.552708,6.4845023,5.65584,3.4164817,6.795842,5.150796,7.2312975,7.861985,5.5768604,6.292983,6.1243544,6.6000867,5.684844,4.652806,5.7116227,5.1558795,3.0742579,6.475791,3.780226,4.489206,6.3791947,6.6364355,2.5686269,7.9188213],"type":"scatter3d"}],"layout":{"template":{"data":{"histogram2dcontour":[{"type":"histogram2dcontour","colorbar":{"outlinewidth":0,"ticks":""},"colorscale":[[0.0,"#0d0887"],[0.1111111111111111,"#46039f"],[0.2222222222222222,"#7201a8"],[0.3333333333333333,"#9c179e"],[0.4444444444444444,"#bd3786"],[0.5555555555555556,"#d8576b"],[0.6666666666666666,"#ed7953"],[0.7777777777777778,"#fb9f3a"],[0.8888888888888888,"#fdca26"],[1.0,"#f0f921"]]}],"choropleth":[{"type":"choropleth","colorbar":{"outlinewidth":0,"ticks":""}}],"histogram2d":[{"type":"histogram2d","colorbar":{"outlinewidth":0,"ticks":""},"colorscale":[[0.0,"#0d0887"],[0.1111111111111111,"#46039f"],[0.2222222222222222,"#7201a8"],[0.3333333333333333,"#9c179e"],[0.4444444444444444,"#bd3786"],[0.5555555555555556,"#d8576b"],[0.6666666666666666,"#ed7953"],[0.7777777777777778,"#fb9f3a"],[0.8888888888888888,"#fdca26"],[1.0,"#f0f921"]]}],"heatmap":[{"type":"heatmap","colorbar":{"outlinewidth":0,"ticks":""},"colorscale":[[0.0,"#0d0887"],[0.1111111111111111,"#46039f"],[0.2222222222222222,"#7201a8"],[0.3333333333333333,"#9c179e"],[0.4444444444444444,"#bd3786"],[0.5555555555555556,"#d8576b"],[0.6666666666666666,"#ed7953"],[0.7777777777777778,"#fb9f3a"],[0.8888888888888888,"#fdca26"],[1.0,"#f0f921"]]}],"heatmapgl":[{"type":"heatmapgl","colorbar":{"outlinewidth":0,"ticks":""},"colorscale":[[0.0,"#0d0887"],[0.1111111111111111,"#46039f"],[0.2222222222222222,"#7201a8"],[0.3333333333333333,"#9c179e"],[0.4444444444444444,"#bd3786"],[0.5555555555555556,"#d8576b"],[0.6666666666666666,"#ed7953"],[0.7777777777777778,"#fb9f3a"],[0.8888888888888888,"#fdca26"],[1.0,"#f0f921"]]}],"contourcarpet":[{"type":"contourcarpet","colorbar":{"outlinewidth":0,"ticks":""}}],"contour":[{"type":"contour","colorbar":{"outlinewidth":0,"ticks":""},"colorscale":[[0.0,"#0d0887"],[0.1111111111111111,"#46039f"],[0.2222222222222222,"#7201a8"],[0.3333333333333333,"#9c179e"],[0.4444444444444444,"#bd3786"],[0.5555555555555556,"#d8576b"],[0.6666666666666666,"#ed7953"],[0.7777777777777778,"#fb9f3a"],[0.8888888888888888,"#fdca26"],[1.0,"#f0f921"]]}],"surface":[{"type":"surface","colorbar":{"outlinewidth":0,"ticks":""},"colorscale":[[0.0,"#0d0887"],[0.1111111111111111,"#46039f"],[0.2222222222222222,"#7201a8"],[0.3333333333333333,"#9c179e"],[0.4444444444444444,"#bd3786"],[0.5555555555555556,"#d8576b"],[0.6666666666666666,"#ed7953"],[0.7777777777777778,"#fb9f3a"],[0.8888888888888888,"#fdca26"],[1.0,"#f0f921"]]}],"mesh3d":[{"type":"mesh3d","colorbar":{"outlinewidth":0,"ticks":""}}],"scatter":[{"fillpattern":{"fillmode":"overlay","size":10,"solidity":0.2},"type":"scatter"}],"parcoords":[{"type":"parcoords","line":{"colorbar":{"outlinewidth":0,"ticks":""}}}],"scatterpolargl":[{"type":"scatterpolargl","marker":{"colorbar":{"outlinewidth":0,"ticks":""}}}],"bar":[{"error_x":{"color":"#2a3f5f"},"error_y":{"color":"#2a3f5f"},"marker":{"line":{"color":"#E5ECF6","width":0.5},"pattern":{"fillmode":"overlay","size":10,"solidity":0.2}},"type":"bar"}],"scattergeo":[{"type":"scattergeo","marker":{"colorbar":{"outlinewidth":0,"ticks":""}}}],"scatterpolar":[{"type":"scatterpolar","marker":{"colorbar":{"outlinewidth":0,"ticks":""}}}],"histogram":[{"marker":{"pattern":{"fillmode":"overlay","size":10,"solidity":0.2}},"type":"histogram"}],"scattergl":[{"type":"scattergl","marker":{"colorbar":{"outlinewidth":0,"ticks":""}}}],"scatter3d":[{"type":"scatter3d","line":{"colorbar":{"outlinewidth":0,"ticks":""}},"marker":{"colorbar":{"outlinewidth":0,"ticks":""}}}],"scattermapbox":[{"type":"scattermapbox","marker":{"colorbar":{"outlinewidth":0,"ticks":""}}}],"scatterternary":[{"type":"scatterternary","marker":{"colorbar":{"outlinewidth":0,"ticks":""}}}],"scattercarpet":[{"type":"scattercarpet","marker":{"colorbar":{"outlinewidth":0,"ticks":""}}}],"carpet":[{"aaxis":{"endlinecolor":"#2a3f5f","gridcolor":"white","linecolor":"white","minorgridcolor":"white","startlinecolor":"#2a3f5f"},"baxis":{"endlinecolor":"#2a3f5f","gridcolor":"white","linecolor":"white","minorgridcolor":"white","startlinecolor":"#2a3f5f"},"type":"carpet"}],"table":[{"cells":{"fill":{"color":"#EBF0F8"},"line":{"color":"white"}},"header":{"fill":{"color":"#C8D4E3"},"line":{"color":"white"}},"type":"table"}],"barpolar":[{"marker":{"line":{"color":"#E5ECF6","width":0.5},"pattern":{"fillmode":"overlay","size":10,"solidity":0.2}},"type":"barpolar"}],"pie":[{"automargin":true,"type":"pie"}]},"layout":{"autotypenumbers":"strict","colorway":["#636efa","#EF553B","#00cc96","#ab63fa","#FFA15A","#19d3f3","#FF6692","#B6E880","#FF97FF","#FECB52"],"font":{"color":"#2a3f5f"},"hovermode":"closest","hoverlabel":{"align":"left"},"paper_bgcolor":"white","plot_bgcolor":"#E5ECF6","polar":{"bgcolor":"#E5ECF6","angularaxis":{"gridcolor":"white","linecolor":"white","ticks":""},"radialaxis":{"gridcolor":"white","linecolor":"white","ticks":""}},"ternary":{"bgcolor":"#E5ECF6","aaxis":{"gridcolor":"white","linecolor":"white","ticks":""},"baxis":{"gridcolor":"white","linecolor":"white","ticks":""},"caxis":{"gridcolor":"white","linecolor":"white","ticks":""}},"coloraxis":{"colorbar":{"outlinewidth":0,"ticks":""}},