{"data":[{"hoverinfo":"text","marker":{"color":[5.027329782684162,5.443685435664653,5.595149185508683,6.180390267248415,4.167490448625878,5.091509619494176,6.325965999568745,4.999995657076895,4.999995657076895,4.924449389089342,4.999995657076895,4.999995657076895,4.999995657076895,4.522877297634477,4.999995657076895,4.568634627345911,4.999995657076895,4.999995657076895,4.999995657076895,4.999995657076895,5.105346161007473,4.999995657076895,4.416800092104706,4.964766439108712,5.20970779721534,4.999995657076895,4.999995657076895,4.999995657076895,4.999995657076895,5.27983242439698,4.999995657076895,5.16684651082887,4.999995657076895,4.999995657076895,4.999995657076895,4.999995657076895,5.315145665421797,4.999995657076895,4.999995657076895,4.999995657076895,6.552686891176432,4.999995657076895,4.853868862229398,5.928081189636194,4.821020176593957,7.636388020107856,5.1548957558231745,5.928081189636194,5.2667947073431876,4.924449389089342],"colorbar":{"title":{"text":"Colorbar"}},"colorscale":[[0.0,"#440154"],[0.1111111111111111,"#482878"],[0.2222222222222222,"#3e4989"],[0.3333333333333333,"#31688e"],[0.4444444444444444,"#26828e"],[0.5555555555555556,"#1f9e89"],[0.6666666666666666,"#35b779"],[0.7777777777777778,"#6ece58"],[0.8888888888888888,"#b5de2b"],[1.0,"#fde725"]],"opacity":0.8,"size":5},"mode":"markers","text":["O43570","P00915","P00918","P04798","P06276","P07451","P07947","P08172","P08173","P08246","P08908","P08912","P08913","P0DMS8","P11229","P11712","P18089","P18825","P20309","P21728","P21917","P21918","P22303","P22748","P23280","P23975","P28221","P30518","P31645","P33527","P34969","P35218","P35348","P35368","P35372","P41145","P43166","P46098","P47898","P47901","P47989","P50406","P56817","P68400","Q04760","Q16678","Q16790","Q8NEV1","Q9ULX7","Q9Y2D0"],"x":[8.023041,8.033706,8.903869,9.142993,7.70033,8.723228,10.006681,9.133564,9.3341875,8.58042,9.394094,9.073009,9.050924,9.24433,9.076681,8.344582,9.032387,7.342339,7.598268,8.230358,8.077806,7.5184493,8.259787,8.53867,9.774093,8.919767,9.058418,8.169739,9.227225,3.4425979,9.356343,9.230147,8.36074,7.4264884,9.222652,9.280338,7.954433,9.10272,9.201845,9.174456,4.221505,8.336119,8.539354,9.491717,9.971432,7.4518948,8.495448,9.521621,9.052926,8.21237],"y":[6.7006207,6.7927947,5.34088,6.1870713,5.905585,5.5991335,5.044074,7.0641713,7.061127,2.987372,6.34079,7.1439133,5.2863817,7.9259887,7.059719,7.420288,5.6686482,5.4880695,6.250223,7.153442,6.102917,5.2811885,4.9729066,5.3666945,4.1101847,5.5524354,7.998107,6.38281,6.5194893,6.645421,6.714922,5.79946,7.4977956,6.729236,7.5900097,7.213881,6.607643,7.4564934,7.4531217,6.949098,6.038429,6.425854,4.0501094,6.1227736,3.8378541,5.318996,6.2378573,6.063109,5.553544,5.5724964],"z":[7.464021,7.947888,7.2106323,6.5607247,6.162923,7.3179474,6.563508,6.9581375,6.60784,5.1357155,5.03399,6.9138646,4.8265805,6.477161,6.7337084,6.238018,4.8426743,4.008533,7.1666327,7.46092,3.6637692,6.6920457,4.389686,4.552708,6.4845023,5.4369783,6.8363953,3.9499857,5.4534597,3.0642574,5.405147,6.795842,7.0326257,5.2348404,7.176695,7.113526,7.861985,5.899036,5.447892,6.493307,3.7380428,3.722385,5.8350887,5.7841053,6.4250236,4.045377,3.780226,5.857136,6.6364355,7.9188213],"type":"scatter3d"}],"layout":{"template":{"data":{"histogram2dcontour":[{"type":"histogram2dcontour","colorbar":{"outlinewidth":0,"ticks":""},"colorscale":[[0.0,"#0d0887"],[0.1111111111111111,"#46039f"],[0.2222222222222222,"#7201a8"],[0.3333333333333333,"#9c179e"],[0.4444444444444444,"#bd3786"],[0.5555555555555556,"#d8576b"],[0.6666666666666666,"#ed7953"],[0.7777777777777778,"#fb9f3a"],[0.8888888888888888,"#fdca26"],[1.0,"#f0f921"]]}],"choropleth":[{"type":"choropleth","colorbar":{"outlinewidth":0,"ticks":""}}],"histogram2d":[{"type":"histogram2d","colorbar":{"outlinewidth":0,"ticks":""},"colorscale":[[0.0,"#0d0887"],[0.1111111111111111,"#46039f"],[0.2222222222222222,"#7201a8"],[0.3333333333333333,"#9c179e"],[0.4444444444444444,"#bd3786"],[0.5555555555555556,"#d8576b"],[0.6666666666666666,"#ed7953"],[0.7777777777777778,"#fb9f3a"],[0.8888888888888888,"#fdca26"],[1.0,"#f0f921"]]}],"heatmap":[{"type":"heatmap","colorbar":{"outlinewidth":0,"ticks":""},"colorscale":[[0.0,"#0d0887"],[0.1111111111111111,"#46039f"],[0.2222222222222222,"#7201a8"],[0.3333333333333333,"#9c179e"],[0.4444444444444444,"#bd3786"],[0.5555555555555556,"#d8576b"],[0.6666666666666666,"#ed7953"],[0.7777777777777778,"#fb9f3a"],[0.8888888888888888,"#fdca26"],[1.0,"#f0f921"]]}],"heatmapgl":[{"type":"heatmapgl","colorbar":{"outlinewidth":0,"ticks":""},"colorscale":[[0.0,"#0d0887"],[0.1111111111111111,"#46039f"],[0.2222222222222222,"#7201a8"],[0.3333333333333333,"#9c179e"],[0.4444444444444444,"#bd3786"],[0.5555555555555556,"#d8576b"],[0.6666666666666666,"#ed7953"],[0.7777777777777778,"#fb9f3a"],[0.8888888888888888,"#fdca26"],[1.0,"#f0f921"]]}],"contourcarpet":[{"type":"contourcarpet","colorbar":{"outlinewidth":0,"ticks":""}}],"contour":[{"type":"contour","colorbar":{"outlinewidth":0,"ticks":""},"colorscale":[[0.0,"#0d0887"],[0.1111111111111111,"#46039f"],[0.2222222222222222,"#7201a8"],[0.3333333333333333,"#9c179e"],[0.4444444444444444,"#bd3786"],[0.5555555555555556,"#d8576b"],[0.6666666666666666,"#ed7953"],[0.7777777777777778,"#fb9f3a"],[0.8888888888888888,"#fdca26"],[1.0,"#f0f921"]]}],"surface":[{"type":"surface","colorbar":{"outlinewidth":0,"ticks":""},"colorscale":[[0.0,"#0d0887"],[0.1111111111111111,"#46039f"],[0.2222222222222222,"#7201a8"],[0.3333333333333333,"#9c179e"],[0.4444444444444444,"#bd3786"],[0.5555555555555556,"#d8576b"],[0.6666666666666666,"#ed7953"],[0.7777777777777778,"#fb9f3a"],[0.8888888888888888,"#fdca26"],[1.0,"#f0f921"]]}],"mesh3d":[{"type":"mesh3d","colorbar":{"outlinewidth":0,"ticks":""}}],"scatter":[{"fillpattern":{"fillmode":"overlay","size":10,"solidity":0.2},"type":"scatter"}],"parcoords":[{"type":"parcoords","line":{"colorbar":{"outlinewidth":0,"ticks":""}}}],"scatterpolargl":[{"type":"scatterpolargl","marker":{"colorbar":{"outlinewidth":0,"ticks":""}}}],"bar":[{"error_x":{"color":"#2a3f5f"},"error_y":{"color":"#2a3f5f"},"marker":{"line":{"color":"#E5ECF6","width":0.5},"pattern":{"fillmode":"overlay","size":10,"solidity":0.2}},"type":"bar"}],"scattergeo":[{"type":"scattergeo","marker":{"colorbar":{"outlinewidth":0,"ticks":""}}}],"scatterpolar":[{"type":"scatterpolar","marker":{"colorbar":{"outlinewidth":0,"ticks":""}}}],"histogram":[{"marker":{"pattern":{"fillmode":"overlay","size":10,"solidity":0.2}},"type":"histogram"}],"scattergl":[{"type":"scattergl","marker":{"colorbar":{"outlinewidth":0,"ticks":""}}}],"scatter3d":[{"type":"scatter3d","line":{"colorbar":{"outlinewidth":0,"ticks":""}},"marker":{"colorbar":{"outlinewidth":0,"ticks":""}}}],"scattermapbox":[{"type":"scattermapbox","marker":{"colorbar":{"outlinewidth":0,"ticks":""}}}],"scatterternary":[{"type":"scatterternary","marker":{"colorbar":{"outlinewidth":0,"ticks":""}}}],"scattercarpet":[{"type":"scattercarpet","marker":{"colorbar":{"outlinewidth":0,"ticks":""}}}],"carpet":[{"aaxis":{"endlinecolor":"#2a3f5f","gridcolor":"white","linecolor":"white","minorgridcolor":"white","startlinecolor":"#2a3f5f"},"baxis":{"endlinecolor":"#2a3f5f","gridcolor":"white","linecolor":"white","minorgridcolor":"white","startlinecolor":"#2a3f5f"},"type":"carpet"}],"table":[{"cells":{"fill":{"color":"#EBF0F8"},"line":{"color":"white"}},"header":{"fill":{"color":"#C8D4E3"},"line":{"color":"white"}},"type":"table"}],"barpolar":[{"marker":{"line":{"color":"#E5ECF6","width":0.5},"pattern":{"fillmode":"overlay","size":10,"solidity":0.2}},"type":"barpolar"}],"pie":[{"automargin":true,"type":"pie"}]},"layout":{"autotypenumbers":"strict","colorway":["#636efa","#EF553B","#00cc96","#ab63fa","#FFA15A","#19d3f3","#FF6692","#B6E880","#FF97FF","#FECB52"],"font":{"color":"#2a3f5f"},"hovermode":"closest","hoverlabel":{"align":"left"},"paper_bgcolor":"white","plot_bgcolor":"#E5ECF6","polar":{"bgcolor":"#E5ECF6","angularaxis":{"gridcolor":"white","linecolor":"white","ticks":""},